id	MW
10fthf_c	471.42344
12dgr120_c	456.69878
12dgr120_p	456.69878
12dgr140_c	512.8051
12dgr140_p	512.8051
12dgr141_c	508.77334
12dgr141_p	508.77334
12dgr160_c	568.91142
12dgr160_p	568.91142
12dgr161_c	564.87966
12dgr161_p	564.87966
12dgr180_c	625.01774
12dgr180_p	625.01774
12dgr181_c	620.9859799999999
12dgr181_p	620.9859799999999
12ppd__R_c	76.09442
12ppd__R_e	76.09442
12ppd__R_p	76.09442
12ppd__S_c	76.09442
12ppd__S_e	76.09442
12ppd__S_p	76.09442
13dpg_c	262.005382
13ppd_c	76.09442
14dhncoa_c	949.6659030000001
14glucan_c	990.85888
14glucan_e	990.85888
14glucan_p	990.85888
15dap_c	104.19394000000001
15dap_e	104.19394000000001
15dap_p	104.19394000000001
1agpe120_p	397.444001
1agpe140_p	425.49716100000006
1agpe141_p	423.481281
1agpe160_p	453.550321
1agpe161_p	451.5344410000001
1agpe180_p	481.60348100000004
1agpe181_p	479.5876010000001
1agpg120_p	427.446801
1agpg140_p	455.49996100000004
1agpg141_p	453.484081
1agpg160_p	483.55312100000003
1agpg161_p	481.53724100000005
1agpg180_p	511.606281
1agpg181_p	509.590401
1ddecg3p_c	352.36032100000006
1ddecg3p_p	352.36032100000006
1hdec9eg3p_c	406.450761
1hdec9eg3p_p	406.450761
1hdecg3p_c	408.46664100000004
1hdecg3p_p	408.46664100000004
1odec11eg3p_c	434.50392100000005
1odec11eg3p_p	434.50392100000005
1odecg3p_c	436.519801
1odecg3p_p	436.519801
1pyr5c_c	112.10664
1tdec7eg3p_c	378.397601
1tdec7eg3p_p	378.397601
1tdecg3p_c	380.413481
1tdecg3p_p	380.413481
23camp_e	328.19800100000003
23camp_p	328.19800100000003
23ccmp_e	304.173301
23ccmp_p	304.173301
23cgmp_e	344.19740100000007
23cgmp_p	344.19740100000007
23cump_e	305.15806100000003
23cump_p	305.15806100000003
23dappa_c	105.11576000000001
23dappa_e	105.11576000000001
23dappa_p	105.11576000000001
23ddhb_c	155.12808
23dhacoa_c	888.6044630000001
23dhb_c	153.1122
23dhba_c	482.318141
23dhbzs3_c	686.5538200000001
23dhbzs_c	240.18949999999998
23dhdp_c	167.1189
23dhmb_c	133.12256
23dhmp_c	147.14914
23doguln_c	191.11558000000002
23doguln_p	191.11558000000002
25aics_c	450.251561
25dkglcn_c	191.11558000000002
25drapp_c	351.209921
26dap_LL_c	190.19706
26dap__M_c	190.19706
26dap__M_e	190.19706
26dap__M_p	190.19706
2agpe120_c	397.444001
2agpe120_p	397.444001
2agpe140_c	425.49716100000006
2agpe140_p	425.49716100000006
2agpe141_c	423.481281
2agpe141_p	423.481281
2agpe160_c	453.550321
2agpe160_p	453.550321
2agpe161_c	451.5344410000001
2agpe161_p	451.5344410000001
2agpe180_c	481.60348100000004
2agpe180_p	481.60348100000004
2agpe181_c	479.5876010000001
2agpe181_p	479.5876010000001
2agpg120_c	427.446801
2agpg120_p	427.446801
2agpg140_c	455.49996100000004
2agpg140_p	455.49996100000004
2agpg141_c	453.484081
2agpg141_p	453.484081
2agpg160_c	483.55312100000003
2agpg160_p	483.55312100000003
2agpg161_c	481.53724100000005
2agpg161_p	481.53724100000005
2agpg180_c	511.606281
2agpg180_p	511.606281
2agpg181_c	509.590401
2agpg181_p	509.590401
2ahbut_c	145.13326
2amsa_c	103.07669999999999
2aobut_c	117.10328
2cpr5p_c	346.206681
2dda7p_c	285.12206100000003
2ddara_c	147.10608000000002
2ddecg3p_c	353.368261
2ddecg3p_p	353.368261
2ddg6p_c	255.096081
2ddglcn_c	177.13206
2ddglcn_e	177.13206
2ddglcn_p	177.13206
2dglc_c	164.15648
2dglc_e	164.15648
2dglc_p	164.15648
2dh3dgal6p_c	255.096081
2dh3dgal_c	177.13206
2dhguln_c	193.13146
2dhp_c	145.13326
2dmmq8_c	703.0895999999999
2dmmql8_c	705.10548
2doxg6p_c	242.120501
2dr1p_c	212.09452100000001
2dr5p_c	212.09452100000001
2fe1s_c	143.755
2fe2s_c	175.82
2h3oppan_c	103.05351999999999
2hdec9eg3p_c	407.4587010000001
2hdec9eg3p_p	407.4587010000001
2hdecg3p_c	409.474581
2hdecg3p_p	409.474581
2hptcl_c	151.13938000000002
2hptcoa_c	896.6264630000001
2ippm_c	156.13602
2mahmp_c	296.091142
2mcacn_c	185.111
2mcit_c	203.12628
2me4p_c	214.110401
2mecdp_c	276.075022
2obut_c	101.0807
2odec11eg3p_c	435.511861
2odec11eg3p_p	435.511861
2odecg3p_c	437.52774100000005
2odecg3p_p	437.52774100000005
2ohph_c	655.0468
2ombzl_c	685.07278
2omhmbl_c	715.0987600000001
2ommbl_c	699.09936
2omph_c	669.0733799999999
2oph_c	639.0474
2oxpaccoa_c	897.634403
2p4c2me_c	597.255663
2pg_c	183.033421
2pglyc_c	153.007441
2sephchc_c	325.24762
2shchc_c	238.1935
2tdec7eg3p_c	379.405541
2tdec7eg3p_p	379.405541
2tdecg3p_c	381.421421
2tdecg3p_p	381.421421
2tpr3dpcoa_c	1053.560905
34dhpac_e	152.14731999999998
34dhpac_p	152.14731999999998
34dhpha_c	167.13878
34dphacoa_c	913.633803
34hpp_c	179.14948
35cgmp_c	344.19740100000007
36dahx_c	147.1955
3amac_c	86.06936
3amp_e	345.20534100000003
3amp_p	345.20534100000003
3c2hmp_c	174.1513
3c3hmp_c	174.1513
3c4mop_c	172.13542
3cmp_e	321.18064100000004
3cmp_p	321.18064100000004
3dhguln_c	193.13146
3dhgulnp_c	271.095481
3dhq_c	189.14276
3dhsk_c	171.12748
3fe4s_c	295.79499999999996
3gmp_e	361.204741
3gmp_p	361.204741
3haACP_c	442.421641
3hadpcoa_c	906.619743
3hbcoa_c	849.5916029999998
3hbz_c	138.12074
3hbzcoa_c	883.607823
3hcddec5eACP_c	552.618401
3hcinnm_c	163.15008
3hcinnm_e	163.15008
3hcinnm_p	163.15008
3hcmrs7eACP_c	580.6715609999999
3hcpalm9eACP_c	608.724721
3hcvac11eACP_c	636.777881
3hdcoa_c	933.7510830000001
3hddcoa_c	961.804243
3hddecACP_c	554.6342810000001
3hdecACP_c	526.5811209999999
3hhcoa_c	877.644763
3hhdcoa_c	1017.9105629999999
3hhexACP_c	470.474801
3hmrsACP_c	582.687441
3hocoa_c	905.697923
3hoctACP_c	498.527961
3hoctaACP_c	638.7937609999999
3hodcoa_c	1045.963723
3hpalmACP_c	610.740601
3hpp_c	89.07
3hpp_e	89.07
3hpp_p	89.07
3hppnl_c	74.07854
3hpppn_c	165.16595999999998
3hpppn_e	165.16595999999998
3hpppn_p	165.16595999999998
3htdcoa_c	989.857403
3ig3p_c	285.189841
3mob_c	115.10728
3mop_c	129.13386
3ocddec5eACP_c	550.602521
3ocmrs7eACP_c	578.655681
3ocpalm9eACP_c	606.7088409999999
3ocvac11eACP_c	634.762001
3odcoa_c	931.735203
3oddcoa_c	959.7883630000001
3oddecACP_c	552.618401
3odecACP_c	524.565241
3ohcoa_c	875.6288829999999
3ohdcoa_c	1015.894683
3ohexACP_c	468.458921
3ohodcoa_c	1043.9478430000001
3omrsACP_c	580.6715609999999
3oocoa_c	903.682043
3ooctACP_c	496.512081
3ooctdACP_c	636.777881
3opalmACP_c	608.724721
3ophb_c	682.04896
3otdcoa_c	987.841523
3oxdhscoa_c	930.641143
3pg_c	183.033421
3php_c	181.017541
3psme_c	320.146221
3sala_c	151.1411
3ump_e	322.16540100000003
3ump_p	322.16540100000003
4abut_c	103.11976
4abut_e	103.11976
4abut_p	103.11976
4abutn_c	88.1283
4abz_c	136.12804
4abzglu_c	264.23408
4abzglu_e	264.23408
4abzglu_p	264.23408
4adcho_c	224.19009999999997
4ahmmp_c	139.15516
4ampm_c	217.119181
4c2me_c	519.291642
4crsol_c	108.13781999999999
4fe4s_c	351.64
4h2opntn_c	131.10668
4hbz_c	137.1128
4hbz_p	137.1128
4hoxpacd_e	136.14792
4hoxpacd_p	136.14792
4hthr_c	135.11856
4mhetz_c	143.20675999999997
4mop_c	129.13386
4mpetz_c	221.17078099999998
4pasp_c	211.066701
4per_c	213.059401
4ppan_c	296.19106100000005
4ppcys_c	399.333961
4r5au_c	276.24654
56dura_c	114.10264000000001
5aizc_c	336.172101
5aop_c	131.12986
5aprbu_c	354.21056100000004
5apru_c	352.194681
5caiz_c	336.172101
5dglcn_c	193.13146
5dglcn_e	193.13146
5dglcn_p	193.13146
5dh4dglc_c	190.10764
5drib_c	134.1305
5fthf_c	471.42344
5mta_c	297.3335
5mthf_c	458.44786
5mtr_c	180.22208
5mtr_e	180.22208
5mtr_p	180.22208
5pg35pg_c	705.402142
5phdt_c	176.17201999999997
5phua_c	194.1873
5prdmbz_c	356.26774100000006
6hmhpt_c	195.17866
6hmhptpp_c	352.114642
6pgc_c	273.111361
6pgg_c	420.26050100000003
6pgl_c	256.104021
8aonn_c	187.23618
ACP_c	356.332401
LalaDgluMdapDala_c	460.45889999999997
LalaDgluMdapDala_e	460.45889999999997
LalaDgluMdapDala_p	460.45889999999997
LalaDgluMdap_c	389.38100000000003
LalaDgluMdap_e	389.38100000000003
LalaDgluMdap_p	389.38100000000003
LalaDglu_c	217.19921999999997
LalaDglu_e	217.19921999999997
LalaDglu_p	217.19921999999997
LalaLglu_c	217.19921999999997
LalaLglu_e	217.19921999999997
LalaLglu_p	217.19921999999997
N1aspmd_c	189.29842
Nmtrp_c	218.25176
S2hglut_c	146.09814
Sfglutth_c	334.32563999999996
aacald_c	60.075140000000005
aacoa_c	847.5757229999999
aact_c	74.10172
acACP_c	398.369081
ac_c	59.04402
ac_e	59.04402
ac_p	59.04402
acac_c	101.0807
acac_e	101.0807
acac_p	101.0807
acald_c	44.05256
acald_e	44.05256
acald_p	44.05256
acampnt_c	152.065741
acanth_c	178.16472
accoa_c	805.539043
acetol_c	74.07854
acg5p_c	266.122021
acg5sa_c	172.1586
acgal1p_e	299.171821
acgal1p_p	299.171821
acgal_e	221.2078
acgal_p	221.2078
acgam1p_c	299.171821
acgam1p_e	299.171821
acgam1p_p	299.171821
acgam6p_c	299.171821
acgam_c	221.2078
acgam_e	221.2078
acgam_p	221.2078
acglc__D_c	222.19256000000001
acglu_c	187.15006
acmalt_c	384.33316
acmana_c	221.2078
acmana_e	221.2078
acmana_p	221.2078
acmanap_c	299.171821
acmet_c	190.24007999999998
acmum6p_c	370.22654100000005
acmum_e	292.26252
acmum_p	292.26252
acnam_c	308.26192000000003
acnam_e	308.26192000000003
acnam_p	308.26192000000003
acolipa_e	4304.283204
acolipa_p	4304.283204
acon_C_c	171.08442
acon_T_c	171.08442
aconm_c	186.11894
acorn_c	174.19765999999998
acser_c	147.12926
acser_e	147.12926
acser_p	147.12926
actACP_c	440.405761
actp_c	138.015981
ade_c	135.1267
ade_e	135.1267
ade_p	135.1267
adn_c	267.24132
adn_e	267.24132
adn_p	267.24132
adocbi_c	1240.32136
adocbip_c	1318.285381
adocbl_c	1579.581761
adocbl_e	1579.581761
adocbl_p	1579.581761
adp_c	424.177302
adpglc_c	587.3258420000001
adphep_DD_c	617.3518220000001
adphep_LD_c	617.3518220000001
adprib_c	557.2998620000001
ag_c	107.8682
ag_e	107.8682
agdpcbi_c	1663.4907219999998
agm_c	132.20734000000002
agm_e	132.20734000000002
agm_p	132.20734000000002
ahcys_c	384.4108
ahdt_c	491.138563
aicar_c	336.195281
air_c	293.170541
akg_c	144.08226000000002
akg_e	144.08226000000002
akg_p	144.08226000000002
ala_B_c	89.09318
ala_B_e	89.09318
ala_B_p	89.09318
ala__D_c	89.09318
ala__D_e	89.09318
ala__D_p	89.09318
ala__L_c	89.09318
ala__L_e	89.09318
ala__L_p	89.09318
alaala_c	160.17108000000002
alaala_e	160.17108000000002
alaala_p	160.17108000000002
alac__S_c	131.10668
all6p_c	258.119901
all__D_c	180.15588
all__D_e	180.15588
all__D_p	180.15588
alltn_c	158.11544
alltn_e	158.11544
alltn_p	158.11544
alltt_c	175.12278
allul6p_c	258.119901
alpp_p	0.0
altrn_c	195.14733999999999
amet_c	399.44532000000004
ametam_c	356.44376
amob_c	397.40626000000003
amp_c	345.20534100000003
amp_e	345.20534100000003
amp_p	345.20534100000003
ampnt_c	110.02906099999998
anhgm3p_c	848.80548
anhgm3p_p	848.80548
anhgm4p_c	919.88338
anhgm4p_p	919.88338
anhgm_c	477.43976
anhgm_e	477.43976
anhgm_p	477.43976
anhm3p_c	645.6129599999999
anhm4p_c	716.6908599999999
anhm_c	274.24724000000003
anth_c	136.12804
ap4a_c	832.3552040000001
ap5a_c	911.3271650000002
apg120_c	792.0517609999999
apg140_c	876.211241
apg141_c	870.163601
apg160_c	960.370721
apg161_c	954.323081
apg180_c	1044.530201
apg181_c	1038.482561
apoACP_c	17.00734
appl_c	76.1176
aps_c	425.268541
ara5p_c	228.093921
arab__D_c	150.12990000000002
arab__L_c	150.12990000000002
arab__L_e	150.12990000000002
arab__L_p	150.12990000000002
aragund_c	1316.616822
arbt6p_c	350.215261
arbt_e	272.25124
arbt_p	272.25124
arbtn_c	561.51642
arbtn_e	561.51642
arbtn_fe3_c	617.3614200000001
arbtn_fe3_e	617.3614200000001
arbtn_fe3_p	617.3614200000001
arbtn_p	561.51642
arg__L_c	175.2089
arg__L_e	175.2089
arg__L_p	175.2089
argsuc_c	289.26518
ascb6p_c	254.08814099999998
ascb__L_e	176.12412
ascb__L_p	176.12412
asn__L_c	132.11792
asn__L_e	132.11792
asn__L_p	132.11792
aso3_c	122.9198
aso3_e	122.9198
aso3_p	122.9198
aso4_c	138.9192
asp__L_c	132.09474
asp__L_e	132.09474
asp__L_p	132.09474
aspsa_c	117.10328
athr__L_c	119.11916
athtp_c	751.4965030000001
atp_c	503.149263
b2coa_c	831.576323
bbtcoa_c	891.6945230000001
betald_c	102.15487999999999
bglycogen_c	162.1406
bmoco1gdp_c	1239.7848630000003
bmoco_c	894.579522
bmocogdp_c	1584.9902040000002
btal_c	72.10571999999999
btcoa_c	833.5922029999999
btn_c	243.3027
btn_e	243.3027
btn_p	243.3027
btnso_c	259.3021
but2eACP_c	424.406361
butACP_c	426.42224100000004
but_c	87.09718
but_e	87.09718
but_p	87.09718
butso3_c	137.17746
butso3_e	137.17746
butso3_p	137.17746
bwco1gdp_c	1327.6848630000002
bwco_c	982.4795220000001
bwcogdp_c	1672.890204
ca2_c	40.078
ca2_e	40.078
ca2_p	40.078
camp_c	328.19800100000003
cbasp_c	174.11154
cbi_c	990.0873799999999
cbi_e	990.0873799999999
cbi_p	990.0873799999999
cbl1_c	1329.347781
cbl1_e	1329.347781
cbl1_p	1329.347781
cbm_c	60.03207999999999
cbp_c	139.004041
cd2_c	112.411
cd2_e	112.411
cd2_p	112.411
cddec5eACP_c	536.619001
cdec3eACP_c	508.56584100000003
cdg_c	193.1396
cdigmp_c	688.3948020000001
cdp_c	400.152602
cdpdddecg_c	839.8440420000001
cdpdhdec9eg_c	948.0249220000001
cdpdhdecg_c	952.056682
cdpdodec11eg_c	1004.131242
cdpdodecg_c	1008.163002
cdpdtdec7eg_c	891.918602
cdpdtdecg_c	895.950362
cechddd_c	183.18124
cellb_e	342.29648
cellb_p	342.29648
cenchddd_c	181.16536
cgly_c	178.2095
cgly_e	178.2095
cgly_p	178.2095
ch4_c	16.04246
ch4_e	16.04246
ch4_p	16.04246
chol_c	104.17075999999999
chol_e	104.17075999999999
chol_p	104.17075999999999
cholate_c	407.56346
cholate_p	407.56346
chor_c	224.16692
chtbs6p_c	502.364341
chtbs_e	424.40031999999997
chtbs_p	424.40031999999997
cinnm_c	147.15068
cit_c	189.09969999999998
cit_e	189.09969999999998
cit_p	189.09969999999998
citr__L_c	175.18572
ckdo_c	541.357321
cl_c	35.453
cl_e	35.453
cl_p	35.453
clpn120_p	1127.404742
clpn140_p	1239.617382
clpn141_p	1231.553862
clpn160_p	1351.830022
clpn161_p	1343.766502
clpn180_p	1464.042662
clpn181_p	1455.9791420000001
cm_e	323.12938
cm_p	323.12938
cmp_c	321.18064100000004
cmp_e	321.18064100000004
cmp_p	321.18064100000004
co2_c	44.0095
co2_e	44.0095
co2_p	44.0095
coa_c	763.5023630000001
cobalt2_c	58.9332
cobalt2_e	58.9332
cobalt2_p	58.9332
colipa_c	4171.137464
colipa_e	4171.137464
colipa_p	4171.137464
colipap_e	4250.109425
colipap_p	4250.109425
cpe160_c	715.980521
cpe180_c	772.0868409999999
cpg160_c	745.983321
cpg180_c	802.089641
cpgn_c	820.6647800000001
cpgn_e	820.6647800000001
cpgn_p	820.6647800000001
cpgn_un_c	764.81978
cpgn_un_e	764.81978
cpgn_un_p	764.81978
cph4_c	210.17012
cpmp_c	362.21268100000003
cpppg3_c	656.7248
crnDcoa_c	907.693923
crn__D_c	161.19889999999998
crn__D_e	161.19889999999998
crn__D_p	161.19889999999998
crn_c	161.19889999999998
crn_e	161.19889999999998
crn_p	161.19889999999998
crncoa_c	907.693923
cs1_e	132.90545
cs1_p	132.90545
csn_c	111.10199999999999
csn_e	111.10199999999999
csn_p	111.10199999999999
ctbt_c	143.18362
ctbt_p	143.18362
ctbtcoa_c	889.678643
ctp_c	479.124563
cu2_c	63.546
cu2_e	63.546
cu2_p	63.546
cu_c	63.546
cu_e	63.546
cu_p	63.546
cur_c	368.37989999999996
cxsam_c	442.44688
cyan_c	27.02534
cyan_e	27.02534
cyan_p	27.02534
cynt_c	42.0168
cynt_e	42.0168
cynt_p	42.0168
cys__D_c	121.15818
cys__D_e	121.15818
cys__D_p	121.15818
cys__L_c	121.15818
cys__L_e	121.15818
cys__L_p	121.15818
cysi__L_c	240.30048
cysi__L_e	240.30048
cysi__L_p	240.30048
cyst__L_c	222.26206
cytd_c	243.21662000000003
cytd_e	243.21662000000003
cytd_p	243.21662000000003
dad_2_c	251.24192
dad_2_e	251.24192
dad_2_p	251.24192
dad_5_c	251.24192
dadp_c	408.17790199999996
damp_c	329.205941
damp_e	329.205941
damp_p	329.205941
dann_c	189.27523999999997
datp_c	487.149863
db4p_c	182.06854099999998
dc2coa_c	915.735803
dcaACP_c	510.581721
dca_c	171.25665999999998
dca_e	171.25665999999998
dca_p	171.25665999999998
dcacoa_c	917.751683
dcamp_c	459.26162100000005
dcdp_c	384.153202
dcmp_c	305.18124100000006
dcmp_e	305.18124100000006
dcmp_p	305.18124100000006
dctp_c	463.12516300000004
dcyt_c	227.21722000000003
dcyt_e	227.21722000000003
dcyt_p	227.21722000000003
dd2coa_c	943.788963
ddcaACP_c	538.6348810000001
ddca_c	199.30981999999997
ddca_e	199.30981999999997
ddca_p	199.30981999999997
ddcacoa_c	945.8048429999999
ddcap_c	279.28972100000004
dgdp_c	424.177302
dgmp_c	345.20534100000003
dgmp_e	345.20534100000003
dgmp_p	345.20534100000003
dgslnt_c	689.5752
dgsn_c	267.24132
dgsn_e	267.24132
dgsn_p	267.24132
dgtp_c	503.149263
dha_c	90.07794
dha_e	90.07794
dha_p	90.07794
dhap_c	168.041961
dhcholn_c	405.54758000000004
dhcinnm_c	179.14948
dhcur_c	370.39578
dhf_c	441.39746
dhgly_c	72.04278
dhmpt_c	255.23062000000002
dhmptp_c	491.138563
dhna_c	203.17088
dhnpt_c	255.23062000000002
dhor__S_c	157.1042
dhpmp_c	333.194641
dhpppn_c	181.16536
dhps_c	155.14968
dhps_e	155.14968
dhps_p	155.14968
dhpt_c	313.29142
dhptd_c	132.11462
dhptdd_c	210.078641
dhptdn_c	134.13864
dhptdp_c	210.078641
didp_c	409.162662
dimp_c	330.19070100000005
dimp_e	330.19070100000005
dimp_p	330.19070100000005
din_c	252.22668000000002
din_e	252.22668000000002
din_p	252.22668000000002
ditp_c	488.13462300000003
dkdglcn_c	175.11617999999999
dmbzid_c	146.1891
dmlz_c	326.30521999999996
dmpp_c	243.068282
dms_c	62.13404
dms_e	62.13404
dms_p	62.13404
dmso_c	78.13344000000001
dmso_e	78.13344000000001
dmso_p	78.13344000000001
dnad_c	662.393982
dopa_e	154.18637999999999
dopa_p	154.18637999999999
doxrbcn_e	543.51926
doxrbcn_p	543.51926
dpcoa_c	685.5383420000001
dsbaox_p	0.0
dsbard_p	2.01588
dsbcox_p	0.0
dsbcrd_p	2.01588
dsbdox_c	0.0
dsbdrd_c	2.01588
dsbgox_p	0.0
dsbgrd_p	2.01588
dscl_c	857.79214
dt5hsu_c	175.11617999999999
dtbt_c	213.25358
dtdp4aaddg_c	587.365602
dtdp4addg_c	546.336862
dtdp4d6dg_c	544.297802
dtdp4d6dm_c	544.297802
dtdp_c	399.164542
dtdpglu_c	562.313082
dtdprmn_c	546.313682
dtgcl_c	154.25099999999998
dtmp_c	320.192581
dtmp_e	320.192581
dtmp_p	320.192581
dttp_c	478.136503
dudp_c	385.13796199999996
dump_c	306.166001
dump_e	306.166001
dump_p	306.166001
duri_c	228.20198
duri_e	228.20198
duri_p	228.20198
dutp_c	464.109923
dxyl5p_c	212.09452100000001
dxyl_c	134.1305
dxylnt_c	165.12135999999998
dxylnt_e	165.12135999999998
dxylnt_p	165.12135999999998
e4p_c	198.067941
eca2und_p	2138.353902
eca3und_p	2744.907642
eca4colipa_e	6597.352424
eca4colipa_p	6597.352424
eca4und_p	3351.461382
egmeACP_c	482.44244100000003
eig3p_c	236.119221
enlipa_e	2355.7184629999997
enlipa_p	2355.7184629999997
enter_c	669.54648
enter_e	669.54648
enter_p	669.54648
epmeACP_c	510.4956010000001
erthrs_c	120.10391999999999
etha_c	62.09102
etha_e	62.09102
etha_p	62.09102
ethso3_c	109.12429999999999
ethso3_e	109.12429999999999
ethso3_p	109.12429999999999
etoh_c	46.06844
etoh_e	46.06844
etoh_p	46.06844
f1p_c	258.119901
f6p_c	258.119901
f6p_e	258.119901
f6p_p	258.119901
f_c	18.998403
f_e	18.998403
f_p	18.998403
fad_c	783.5338620000001
fad_e	783.5338620000001
fad_p	783.5338620000001
fadh2_c	785.549742
fald_c	30.025979999999997
fald_e	30.025979999999997
fald_p	30.025979999999997
fc1p_c	242.120501
fcl__L_c	164.15648
fdp_c	336.083922
fe2_c	55.845
fe2_e	55.845
fe2_p	55.845
fe3_c	55.845
fe3_e	55.845
fe3_p	55.845
fe3dcit_c	434.0444
fe3dcit_e	434.0444
fe3dcit_p	434.0444
fe3dhbzs3_c	743.40676
fe3dhbzs3_p	743.40676
fe3dhbzs_e	296.0345
fe3dhbzs_p	296.0345
fe3hox_c	320.10072
fe3hox_e	320.10072
fe3hox_p	320.10072
fe3hox_un_c	264.25572
fe3hox_un_e	264.25572
fe3hox_un_p	264.25572
fecrm_c	740.52048
fecrm_e	740.52048
fecrm_p	740.52048
fecrm_un_c	684.67548
fecrm_un_e	684.67548
fecrm_un_p	684.67548
feenter_c	725.39148
feenter_e	725.39148
feenter_p	725.39148
feoxam_c	614.51314
feoxam_e	614.51314
feoxam_p	614.51314
feoxam_un_c	558.66814
feoxam_un_e	558.66814
feoxam_un_p	558.66814
fgam_c	312.170581
flxr_c	1.00794
flxso_c	1.00794
fmn_c	454.327921
fmn_e	454.327921
fmn_p	454.327921
fmnh2_c	456.343801
for_c	45.01744
for_e	45.01744
for_p	45.01744
forcoa_c	791.512463
fpram_c	312.19376100000005
fprica_c	364.20538100000005
frdp_c	379.302322
fru_c	180.15588
fru_e	180.15588
fru_p	180.15588
frulys_c	309.3361
frulys_e	309.3361
frulys_p	309.3361
frulysp_c	387.30012100000005
fruur_c	193.13146
fruur_e	193.13146
fruur_p	193.13146
fuc__L_c	164.15648
fuc__L_e	164.15648
fuc__L_p	164.15648
fum_c	114.05628
fum_e	114.05628
fum_p	114.05628
fusa_e	500.70982000000004
fusa_p	500.70982000000004
g1p_c	258.119901
g1p_e	258.119901
g1p_p	258.119901
g3p_c	168.041961
g3pc_c	257.221261
g3pc_e	257.221261
g3pc_p	257.221261
g3pe_c	215.14152099999998
g3pe_e	215.14152099999998
g3pe_p	215.14152099999998
g3pg_c	245.144321
g3pg_e	245.144321
g3pg_p	245.144321
g3pi_c	333.206381
g3pi_e	333.206381
g3pi_p	333.206381
g3ps_c	258.143081
g3ps_e	258.143081
g3ps_p	258.143081
g6p_c	258.119901
g6p_e	258.119901
g6p_p	258.119901
gagicolipa_c	3654.689684
gal1p_c	258.119901
gal1p_e	258.119901
gal1p_p	258.119901
gal_bD_e	180.15588
gal_bD_p	180.15588
gal_c	180.15588
gal_e	180.15588
gal_p	180.15588
galct__D_c	208.12292
galct__D_e	208.12292
galct__D_p	208.12292
galctn__D_c	195.14733999999999
galctn__D_e	195.14733999999999
galctn__D_p	195.14733999999999
galctn__L_c	195.14733999999999
galctn__L_e	195.14733999999999
galctn__L_p	195.14733999999999
galt1p_c	260.135781
galt_e	182.17176
galt_p	182.17176
galur_c	193.13146
galur_e	193.13146
galur_p	193.13146
gam1p_c	258.143081
gam6p_c	258.143081
gam6p_e	258.143081
gam6p_p	258.143081
gam_c	180.17906
gam_e	180.17906
gam_p	180.17906
gar_c	285.168421
garagund_c	1478.7574219999997
gbbtn_c	145.1995
gbbtn_e	145.1995
gbbtn_p	145.1995
gcald_c	60.051959999999994
gdp_c	440.17670200000003
gdp_e	440.17670200000003
gdp_p	440.17670200000003
gdpddman_c	585.309962
gdpfuc_c	587.3258420000001
gdpmann_c	603.325242
gdpofuc_c	585.309962
gdptp_c	676.0846450000001
gfgaragund_c	1640.8980219999999
gg4abut_c	231.2258
ggagicolipa_c	3816.8302839999997
ggbutal_c	216.23434
gggagicolipa_c	3978.970884
ggptrc_c	218.27339999999998
ghb_c	103.09657999999999
gicolipa_c	3492.5490839999998
glc__D_c	180.15588
glc__D_e	180.15588
glc__D_p	180.15588
glcn_c	195.14733999999999
glcn_e	195.14733999999999
glcn_p	195.14733999999999
glcr_c	208.12292
glcr_e	208.12292
glcr_p	208.12292
glcur1p_e	271.095481
glcur1p_p	271.095481
glcur_c	193.13146
glcur_e	193.13146
glcur_p	193.13146
gln__L_c	146.1445
gln__L_e	146.1445
gln__L_p	146.1445
glu1sa_c	131.12986
glu5p_c	225.093281
glu5sa_c	131.12986
glu__D_c	146.12132
glu__L_c	146.12132
glu__L_e	146.12132
glu__L_p	146.12132
glucys_c	249.26421999999997
glutrna_c	129.11398
glx_c	73.02754
gly_c	75.0666
gly_e	75.0666
gly_p	75.0666
glyald_c	90.07794
glyald_e	90.07794
glyald_p	90.07794
glyb_c	117.14634
glyb_e	117.14634
glyb_p	117.14634
glyc2p_c	170.057841
glyc2p_e	170.057841
glyc2p_p	170.057841
glyc3p_c	170.057841
glyc3p_e	170.057841
glyc3p_p	170.057841
glyc__R_c	105.0694
glyc__R_e	105.0694
glyc__R_p	105.0694
glyc_c	92.09382
glyc_e	92.09382
glyc_p	92.09382
glyclt_c	75.04342
glyclt_e	75.04342
glyclt_p	75.04342
glycogen_c	162.1406
gmeACP_c	484.45832099999996
gmhep17bp_c	366.109902
gmhep1p_c	288.14588100000003
gmhep7p_c	288.14588100000003
gmp_c	361.204741
gmp_e	361.204741
gmp_p	361.204741
gmplys_c	546.448221
gp4g_c	864.3540039999999
grdp_c	311.18530200000004
grxox_c	0.0
grxrd_c	2.01588
gslnt_c	385.27554
gsn_c	283.24072
gsn_e	283.24072
gsn_p	283.24072
gthox_c	610.6152
gthox_e	610.6152
gthox_p	610.6152
gthrd_c	306.31554
gthrd_e	306.31554
gthrd_p	306.31554
gtp_c	519.148663
gtp_e	519.148663
gtp_p	519.148663
gtspmd_c	436.56994
gua_c	151.1261
gua_e	151.1261
gua_p	151.1261
h2_c	2.01588
h2_e	2.01588
h2_p	2.01588
h2mb4p_c	259.067682
h2o2_c	34.01468
h2o2_e	34.01468
h2o2_p	34.01468
h2o_c	18.01528
h2o_e	18.01528
h2o_p	18.01528
h2s_c	34.08088
h2s_e	34.08088
h2s_p	34.08088
h_c	1.00794
h_e	1.00794
h_p	1.00794
hacolipa_e	4409.546264
halipa_e	2471.079562
hco3_c	61.016839999999995
hcys__L_c	135.18475999999998
hdca_c	255.41613999999998
hdca_e	255.41613999999998
hdca_p	255.41613999999998
hdcap_c	335.396041
hdcea_c	253.40025999999997
hdcea_e	253.40025999999997
hdcea_p	253.40025999999997
hdceap_c	333.38016100000004
hdcoa_c	999.8952830000001
hdd2coa_c	999.8952830000001
hdeACP_c	592.7253209999999
hemeO_c	836.83774
hexACP_c	454.47540100000003
hg2_c	200.59
hg2_e	200.59
hg2_p	200.59
hgmeACP_c	500.457721
hhlipa_c	2617.0039220000003
his__L_c	155.15456
his__L_e	155.15456
his__L_p	155.15456
hisp_c	220.143001
histd_c	142.17898
hkndd_c	212.15622
hkntd_c	210.14033999999998
hlipa_c	2424.8373420000003
hmbil_c	846.74632
hmgth_c	336.34152
hom__L_c	119.11916
hom__L_e	119.11916
hom__L_p	119.11916
hphhlipa_c	2887.134523
hpmeACP_c	528.510881
hpyr_c	103.05351999999999
hqn_c	110.11064
hx2coa_c	859.6294829999999
hxa_c	115.15034
hxa_e	115.15034
hxa_p	115.15034
hxan_c	136.11146000000002
hxan_e	136.11146000000002
hxan_p	136.11146000000002
hxcoa_c	861.6453630000001
iasp_c	129.07092
ichor_c	224.16692
icit_c	189.09969999999998
icolipa_c	3330.408484
idon__L_c	195.14733999999999
idon__L_e	195.14733999999999
idon__L_p	195.14733999999999
idp_c	425.16206200000005
ile__L_c	131.17291999999998
ile__L_e	131.17291999999998
ile__L_p	131.17291999999998
imacp_c	218.103941
imp_c	346.190101
imp_e	346.190101
imp_p	346.190101
indole_c	117.14788
indole_e	117.14788
indole_p	117.14788
inost_c	180.15588
inost_e	180.15588
inost_p	180.15588
ins_c	268.22608
ins_e	268.22608
ins_p	268.22608
ipdp_c	243.068282
iprimv_c	312.27049999999997
iscs_c	33.072939999999996
iscssh_c	65.13794
iscu_2fe2s2_c	576.0288
iscu_2fe2s_c	404.24055999999996
iscu_4fe4s_c	580.0605599999999
iscu_c	232.45232
isetac_c	125.1237
isetac_e	125.1237
isetac_p	125.1237
itp_c	504.13402300000007
k_c	39.0983
k_e	39.0983
k_p	39.0983
kdo2lipid4L_c	2022.315122
kdo2lipid4_c	1840.0126420000001
kdo2lipid4_e	1840.0126420000001
kdo2lipid4_p	1840.0126420000001
kdo2lipid4p_c	2076.405562
kdo8p_c	315.14804100000003
kdo_c	237.18401999999998
kdolipid4_c	1620.843902
kphphhlipa_c	3184.267284
lac__D_c	89.07
lac__D_e	89.07
lac__D_p	89.07
lac__L_c	89.07
lac__L_e	89.07
lac__L_p	89.07
lald__D_c	74.07854
lald__L_c	74.07854
lcts_c	342.29648
lcts_e	342.29648
lcts_p	342.29648
leu__L_c	131.17291999999998
leu__L_e	131.17291999999998
leu__L_p	131.17291999999998
lgt__S_c	378.3782
lipa_c	2232.670762
lipa_cold_c	2286.761202
lipa_cold_e	2286.761202
lipa_cold_p	2286.761202
lipa_e	2232.670762
lipa_p	2232.670762
lipidA_c	1401.675162
lipidAds_c	1323.711141
lipidX_c	709.8452209999999
lipoamp_c	534.523561
lipoate_c	206.32556
lipoate_e	206.32556
lipoate_p	206.32556
lipopb_c	189.31822
lkdr_c	161.13266
lpp_p	238.4088
lys__L_c	147.1955
lys__L_e	147.1955
lys__L_p	147.1955
lyx__L_c	150.12990000000002
lyx__L_e	150.12990000000002
lyx__L_p	150.12990000000002
malACP_c	441.370641
mal__D_c	132.07156
mal__D_e	132.07156
mal__D_p	132.07156
mal__L_c	132.07156
mal__L_e	132.07156
mal__L_p	132.07156
malcoa_c	848.5406029999999
malcoame_c	863.5751230000001
malt6p_c	420.26050100000003
malt_c	342.29648
malt_e	342.29648
malt_p	342.29648
malthp_c	1152.99948
malthx_c	990.85888
malthx_e	990.85888
malthx_p	990.85888
maltpt_c	828.71828
maltpt_e	828.71828
maltpt_p	828.71828
malttr_c	504.43708000000004
malttr_e	504.43708000000004
malttr_p	504.43708000000004
maltttr_c	666.57768
maltttr_e	666.57768
maltttr_p	666.57768
man1p_c	258.119901
man6p_c	258.119901
man6p_e	258.119901
man6p_p	258.119901
man6pglyc_c	345.174021
man_c	180.15588
man_e	180.15588
man_p	180.15588
mana_c	195.14733999999999
manglyc_e	267.21
manglyc_p	267.21
mchtbs6p_c	461.33560100000005
mdhdhf_c	132.11462
melib_c	342.29648
melib_e	342.29648
melib_p	342.29648
meoh_c	32.04186
meoh_e	32.04186
meoh_p	32.04186
mepn_c	95.014421
mepn_e	95.014421
mepn_p	95.014421
mercpeth_c	78.13344000000001
mercppyr_c	119.11912
met__D_c	148.2034
met__D_e	148.2034
met__D_p	148.2034
met__L_c	149.21134
met__L_e	149.21134
met__L_p	149.21134
metglcur_c	207.15804
metglcur_e	207.15804
metglcur_p	207.15804
methf_c	454.4161
metsox_R__L_c	165.21074
metsox_R__L_e	165.21074
metsox_R__L_p	165.21074
metsox_S__L_c	165.21074
metsox_S__L_e	165.21074
metsox_S__L_p	165.21074
mg2_c	24.305
mg2_e	24.305
mg2_p	24.305
mi1p__D_c	258.119901
micit_c	203.12628
mincyc_e	457.47638000000006
mincyc_p	457.47638000000006
minohp_e	647.940006
minohp_p	647.940006
mlthf_c	455.42404
mmcoa__S_c	862.5671829999999
mmet_c	164.24586
mmet_e	164.24586
mmet_p	164.24586
mn2_c	54.938049
mn2_e	54.938049
mn2_p	54.938049
mnl1p_c	260.135781
mnl_e	182.17176
mnl_p	182.17176
moadamp_c	373.21544100000006
moadcoo_c	44.0095
moadcosh_c	61.08304
mobd_c	159.9376
mobd_e	159.9376
mobd_p	159.9376
moco_c	519.258861
mococdp_c	824.440102
mocogdp_c	864.4642020000001
mpt_c	454.866061
mptamp_c	784.0720020000001
mql8_c	719.13206
mqn8_c	717.11618
msa_c	87.05412
mso3_c	95.09772
mso3_e	95.09772
mso3_p	95.09772
mteo2_c	190.63272
mthgxl_c	72.06266
mththf_c	150.12990000000002
mththf_e	150.12990000000002
mththf_p	150.12990000000002
murein3p3p_p	1697.61096
murein3px3p_p	1679.59568
murein3px4p_p	1750.67358
murein4p3p_p	1768.68886
murein4p4p_p	1839.76676
murein4px4p4p_p	2741.63486
murein4px4p_p	1821.75148
murein4px4px4p_p	2723.61958
murein5p3p_p	1839.76676
murein5p4p_p	1910.84466
murein5p5p5p_p	2972.88384
murein5p5p_p	1981.92256
murein5px3p_p	1821.75148
murein5px4p_p	1892.8293800000001
murein5px4px4p_p	2794.6974800000003
myrsACP_c	566.6880409999999
n2o_c	44.0128
n2o_e	44.0128
n2o_p	44.0128
n8aspmd_c	189.29842
na15dap_c	162.29626000000002
na1_c	22.98977
na1_e	22.98977
na1_p	22.98977
nac_c	122.10146
nac_e	122.10146
nac_p	122.10146
nad_c	662.4171620000001
nadh_c	663.425102
nadhx__R_c	681.440382
nadhx__S_c	681.440382
nadp_c	740.3811830000001
nadph_c	741.389123
nadphx__R_c	759.404403
nadphx__S_c	759.404403
nalme_c	203.25876
ncam_c	122.12464
nh4_c	18.03846
nh4_e	18.03846
nh4_p	18.03846
ni2_c	58.6934
ni2_e	58.6934
ni2_p	58.6934
nicrnt_c	333.18804100000006
nmn_c	333.211221
nmn_e	333.211221
nmn_p	333.211221
no2_c	46.0055
no2_e	46.0055
no2_p	46.0055
no3_c	62.0049
no3_e	62.0049
no3_p	62.0049
no_c	30.0061
no_e	30.0061
no_p	30.0061
novbcn_e	612.6243400000001
novbcn_p	612.6243400000001
o16a2und_p	2680.830822
o16a3und_p	3558.623022
o16a4colipa_e	7682.306264000001
o16a4colipa_p	7682.306264000001
o16a4und_p	4436.4152220000005
o16aund_c	1803.0386219999998
o16aund_p	1803.0386219999998
o2_c	31.9988
o2_e	31.9988
o2_p	31.9988
o2s_c	31.9988
o2s_e	31.9988
o2s_p	31.9988
oaa_c	130.05568
oc2coa_c	887.6826429999999
ocACP_c	482.528561
occoa_c	889.698523
ocdcaACP_c	622.794361
ocdca_c	283.46930000000003
ocdca_e	283.46930000000003
ocdca_p	283.46930000000003
ocdcap_c	363.449201
ocdcea_c	281.45342
ocdcea_e	281.45342
ocdcea_p	281.45342
ocdceap_c	361.43332100000003
octa_c	143.2035
octa_e	143.2035
octa_p	143.2035
octapb_c	127.2041
octdp_c	719.8874220000001
octeACP_c	620.7784809999998
od2coa_c	1027.948443
odecoa_c	1027.948443
ogmeACP_c	498.441841
ohpb_c	211.043521
op4en_c	113.0914
opmeACP_c	526.495001
orn_c	133.16892
orn_e	133.16892
orn_p	133.16892
orot5p_c	365.166961
orot_c	155.08832
orot_e	155.08832
orot_p	155.08832
oxa_c	88.019
oxadpcoa_c	904.603863
oxalcoa_c	834.514023
oxam_c	88.04218
oxur_c	131.06692
pa120_c	534.6628010000001
pa120_p	534.6628010000001
pa140_c	590.7691209999999
pa140_p	590.7691209999999
pa141_c	586.737361
pa141_p	586.737361
pa160_c	646.8754409999999
pa160_p	646.8754409999999
pa161_c	642.843681
pa161_p	642.843681
pa180_c	702.9817609999999
pa180_p	702.9817609999999
pa181_c	698.9500009999999
pa181_p	698.9500009999999
pac_c	135.13998
pacald_c	120.14851999999999
pacald_e	120.14851999999999
pacald_p	120.14851999999999
palmACP_c	594.741201
pan4p_c	356.332401
pant__R_c	147.14914
pap_c	423.16936200000004
paps_c	503.23256200000003
pdx5p_c	247.14186099999998
pe120_c	579.7464809999999
pe120_p	579.7464809999999
pe140_c	635.852801
pe140_p	635.852801
pe141_c	631.8210409999999
pe141_p	631.8210409999999
pe160_c	691.959121
pe160_p	691.959121
pe161_c	687.9273609999999
pe161_p	687.9273609999999
pe180_c	748.065441
pe180_p	748.065441
pe181_c	744.0336809999999
pe181_p	744.0336809999999
peamn_e	122.18758
peamn_p	122.18758
pep_c	165.01814099999999
pg120_c	609.749281
pg120_p	609.749281
pg140_c	665.855601
pg140_p	665.855601
pg141_c	661.8238409999999
pg141_p	661.8238409999999
pg160_c	721.9619210000001
pg160_p	721.9619210000001
pg161_c	717.930161
pg161_p	717.930161
pg180_c	778.068241
pg180_p	778.068241
pg181_c	774.036481
pg181_p	774.036481
pgp120_c	687.7133020000001
pgp120_p	687.7133020000001
pgp140_c	743.819622
pgp140_p	743.819622
pgp141_c	739.787862
pgp141_p	739.787862
pgp160_c	799.9259420000001
pgp160_p	799.9259420000001
pgp161_c	795.8941820000001
pgp161_p	795.8941820000001
pgp180_c	856.0322620000001
pgp180_p	856.0322620000001
pgp181_c	852.0005020000001
pgp181_p	852.0005020000001
phaccoa_c	881.6350029999999
phe__L_c	165.18913999999998
phe__L_e	165.18913999999998
phe__L_p	165.18913999999998
pheme_c	614.4714
pheme_e	614.4714
pheme_p	614.4714
phhlipa_c	2694.967943
phom_c	197.083181
phphhlipa_c	2965.0985439999995
phpyr_c	163.15008
phthr_c	213.08258099999998
pi_c	95.97930099999999
pi_e	95.97930099999999
pi_p	95.97930099999999
pimACP_c	498.48490100000004
pmeACP_c	512.511481
pmtcoa_c	1001.911163
pnto__R_c	218.22704
pnto__R_e	218.22704
pnto__R_p	218.22704
poaac_c	103.07669999999999
ppa_c	73.0706
ppa_e	73.0706
ppa_p	73.0706
ppal_c	58.07914
ppal_e	58.07914
ppal_p	58.07914
ppap_c	152.042561
ppbng_c	225.22122
ppcoa_c	819.565623
ppgpp_c	597.1126840000001
pphn_c	224.16692
ppi_c	174.951262
ppp9_c	560.6422799999999
pppg9_c	566.6899199999999
pppi_c	253.923223
pppn_c	149.16656
pppn_e	149.16656
pppn_p	149.16656
ppt_e	79.979901
ppt_p	79.979901
pram_c	228.117101
pran_c	346.206681
prbamp_c	555.283982
prbatp_c	713.227904
prcp_c	289.050602
preq0_c	175.1475
preq1_c	180.18720000000002
prfp_c	573.299262
prlp_c	573.299262
pro__L_c	115.13046
pro__L_e	115.13046
pro__L_p	115.13046
progly_c	172.18178
progly_e	172.18178
progly_p	172.18178
prpmn_c	305.093062
prpncoa_c	817.549743
prpp_c	385.029903
ps120_c	622.7480410000001
ps140_c	678.8543609999999
ps141_c	674.822601
ps160_c	734.960681
ps161_c	730.9289210000001
ps180_c	791.067001
ps181_c	787.035241
psclys_c	309.3361
psclys_e	309.3361
psclys_p	309.3361
psd5p_c	322.16540100000003
pser__L_c	183.056601
pser__L_e	183.056601
pser__L_p	183.056601
psuri_c	244.20138
psuri_e	244.20138
psuri_p	244.20138
ptrc_c	90.16736
ptrc_e	90.16736
ptrc_p	90.16736
puacgam_c	204.20046
puacgam_p	204.20046
pyam5p_c	247.165041
pydam_c	169.20101999999997
pydam_e	169.20101999999997
pydam_p	169.20101999999997
pydx5p_c	245.125981
pydx_c	167.16196
pydx_e	167.16196
pydx_p	167.16196
pydxn_c	169.17784
pydxn_e	169.17784
pydxn_p	169.17784
pyr_c	87.05412
pyr_e	87.05412
pyr_p	87.05412
q8_c	727.1094600000001
q8h2_c	729.12534
quin_c	192.16658
quin_e	192.16658
quin_p	192.16658
quln_c	165.10302
r15bp_c	306.057942
r1p_c	228.093921
r2hglut_c	146.09814
r5p_c	228.093921
r5p_e	228.093921
r5p_p	228.093921
ragund_c	1274.580142
rbflvrd_c	378.37978
rbl__D_c	150.12990000000002
rbl__L_c	150.12990000000002
rdmbzi_c	278.30372
rephaccoa_c	897.634403
rfamp_e	822.94022
rfamp_p	822.94022
rhcys_c	267.29938
rhmn_c	179.14794
rib__D_c	150.12990000000002
rib__D_e	150.12990000000002
rib__D_p	150.12990000000002
ribflv_c	376.36389999999994
ribflv_p	376.36389999999994
rml1p_c	242.120501
rml_c	164.15648
rmn_c	164.15648
rmn_e	164.15648
rmn_p	164.15648
rpntp_c	463.03698399999996
ru5p__D_c	228.093921
ru5p__L_c	228.093921
s17bp_c	366.109902
s7p_c	288.14588100000003
sarcs_c	89.09318
sbt6p_c	260.135781
sbt__D_e	182.17176
sbt__D_p	182.17176
sbzcoa_c	966.673243
scl_c	855.77626
sel_c	142.95759999999999
sel_e	142.95759999999999
sel_p	142.95759999999999
seln_c	79.96794
selnp_c	159.94784099999998
ser__D_c	105.09258
ser__D_e	105.09258
ser__D_p	105.09258
ser__L_c	105.09258
ser__L_e	105.09258
ser__L_p	105.09258
seramp_c	434.298521
sf_c	243.21174
sfp_c	321.175761
sheme_c	908.59744
skm5p_c	251.107381
skm_c	173.14336
skm_e	173.14336
skm_p	173.14336
sl26da_c	288.25394
sl2a6o_c	286.21488
sla_c	153.1338
slnt_c	126.95819999999999
slnt_e	126.95819999999999
slnt_p	126.95819999999999
so2_c	64.0638
so2_e	64.0638
so2_p	64.0638
so3_c	80.0632
so3_e	80.0632
so3_p	80.0632
so4_c	96.0626
so4_e	96.0626
so4_p	96.0626
spmd_c	148.26968
spmd_e	148.26968
spmd_p	148.26968
sq_c	243.21174
sq_e	243.21174
sq_p	243.21174
sqg_c	317.29028
stcoa_c	1029.964323
suc6p_c	420.26050100000003
sucarg_c	273.26578
sucbz_c	220.17822
succ_c	116.07216
succ_e	116.07216
succ_p	116.07216
succoa_c	862.5671829999999
sucglu_c	244.1782
sucgsa_c	229.18674
suchms_c	218.18398
sucorn_c	231.2258
sucr_e	342.29648
sucr_p	342.29648
sucsal_c	101.0807
sufbcd_2fe2s2_c	576.0288
sufbcd_2fe2s_c	404.24055999999996
sufbcd_4fe4s_c	580.0605599999999
sufbcd_c	232.45232
sufse_c	33.072939999999996
sufsesh_c	65.13794
sulfac_c	138.09928
sulfac_e	138.09928
sulfac_p	138.09928
t3c11vaceACP_c	618.7626009999999
t3c5ddeceACP_c	534.6031210000001
t3c7mrseACP_c	562.656281
t3c9palmeACP_c	590.709441
tag6p__D_c	258.119901
tagdp__D_c	336.083922
tagur_c	193.13146
tartr__D_c	148.07095999999999
tartr__D_e	148.07095999999999
tartr__D_p	148.07095999999999
tartr__L_c	148.07095999999999
tartr__L_e	148.07095999999999
tartr__L_p	148.07095999999999
taur_c	125.14688
taur_e	125.14688
taur_p	125.14688
tcynt_c	58.0824
tcynt_e	58.0824
tcynt_p	58.0824
td2coa_c	971.8421229999999
tdcoa_c	973.858003
tddec2eACP_c	536.619001
tdeACP_c	564.672161
tdec2eACP_c	508.56584100000003
tdecoa_c	971.8421229999999
teo2_c	175.5982
thcur_c	372.41166
thdp_c	169.13478
thex2eACP_c	452.459521
thf_c	443.41334
thm_c	265.35458000000006
thm_e	265.35458000000006
thm_p	265.35458000000006
thmmp_c	343.318601
thmnp_c	257.24649999999997
thmpp_c	422.290562
thptdn_c	138.1704
thr__L_c	119.11916
thr__L_e	119.11916
thr__L_p	119.11916
thrp_e	197.083181
thrp_p	197.083181
thym_c	126.11334000000001
thym_e	126.11334000000001
thym_p	126.11334000000001
thymd_c	242.22856000000002
thymd_e	242.22856000000002
thymd_p	242.22856000000002
tma_c	60.1182
tma_e	60.1182
tma_p	60.1182
tmao_c	75.10966
tmao_e	75.10966
tmao_p	75.10966
tmrs2eACP_c	564.672161
toct2eACP_c	480.51268100000004
toctd2eACP_c	620.7784809999998
tpalm2eACP_c	592.7253209999999
trdox_c	0.0
trdrd_c	2.01588
tre6p_c	420.26050100000003
tre_c	342.29648
tre_e	342.29648
tre_p	342.29648
trnaglu_c	0.0
trp__L_c	204.22518
trp__L_e	204.22518
trp__L_p	204.22518
tsul_c	112.12819999999999
tsul_e	112.12819999999999
tsul_p	112.12819999999999
ttdca_c	227.36298
ttdca_e	227.36298
ttdca_p	227.36298
ttdcap_c	307.34288100000003
ttdcea_c	225.34709999999998
ttdcea_e	225.34709999999998
ttdcea_p	225.34709999999998
ttdceap_c	305.32700100000005
ttrcyc_e	444.43456000000003
ttrcyc_p	444.43456000000003
tungs_c	247.8376
tungs_e	247.8376
tungs_p	247.8376
tym_e	138.18698
tym_p	138.18698
tyr__L_c	181.18854
tyr__L_e	181.18854
tyr__L_p	181.18854
tyrp_e	259.152561
tyrp_p	259.152561
u23ga_c	1016.011222
u3aga_c	831.6928620000001
u3hga_c	790.664122
uLa4fn_c	1005.414421
uLa4n_c	978.4122610000001
uLa4n_p	978.4122610000001
uaagmda_c	1916.2077019999997
uaccg_c	674.376662
uacgam_c	605.3378220000001
uacgam_e	605.3378220000001
uacgam_p	605.3378220000001
uacmam_c	605.3378220000001
uacmamu_c	618.313402
uagmda_c	1713.015182
uama_c	747.470442
uamag_c	875.576482
uamr_c	676.3925420000002
udcpdp_c	924.238482
udcpdp_p	924.238482
udcpgl_c	1087.387022
udcpp_c	845.2665209999999
udcpp_p	845.2665209999999
udpLa4fn_c	561.2852620000001
udpLa4n_c	534.283102
udpLa4o_c	532.244042
udp_c	401.137362
udpacgal_e	605.3378220000001
udpacgal_p	605.3378220000001
udpg_c	564.2859020000001
udpg_e	564.2859020000001
udpg_p	564.2859020000001
udpgal_c	564.2859020000001
udpgal_e	564.2859020000001
udpgal_p	564.2859020000001
udpgalfur_c	564.2859020000001
udpglcur_c	577.261482
udpglcur_e	577.261482
udpglcur_p	577.261482
ugmd_c	1047.758262
ugmda_c	1189.9140619999998
um4p_c	1118.836162
ump_c	322.16540100000003
ump_e	322.16540100000003
ump_p	322.16540100000003
unaga_c	1128.4389419999998
unagamu_c	1344.6070419999999
unagamuf_c	1531.800162
unagamuf_p	1531.800162
uppg3_c	828.73104
ura_c	112.08676
ura_e	112.08676
ura_p	112.08676
uracp_c	146.10144
urate_c	168.11026
urate_e	168.11026
urate_p	168.11026
urdgci_c	133.10598
urdglyc_c	133.0828
urea_c	60.05526
urea_e	60.05526
urea_p	60.05526
uri_c	244.20138
uri_e	244.20138
uri_p	244.20138
utp_c	480.109323
val__L_c	117.14634
val__L_e	117.14634
val__L_p	117.14634
wco_c	607.158861
xan_c	152.11086
xan_e	152.11086
xan_p	152.11086
xdp_c	441.161462
xmp_c	362.189501
xmp_e	362.189501
xmp_p	362.189501
xtp_c	520.133423
xtsn_c	284.22548
xtsn_e	284.22548
xtsn_p	284.22548
xu5p__D_c	228.093921
xu5p__L_c	228.093921
xyl__D_c	150.12990000000002
xyl__D_e	150.12990000000002
xyl__D_p	150.12990000000002
xylu__D_c	150.12990000000002
xylu__L_c	150.12990000000002
xylu__L_e	150.12990000000002
xylu__L_p	150.12990000000002
zn2_c	65.409
zn2_e	65.409
zn2_p	65.409
