	biomMW	atp_c	adp_c	h2o_c	pi_c	h_c	10fthf_c	2fe2s_c	2ohph_c	4fe4s_c	ala__L_c	amet_c	arg__L_c	asn__L_c	asp__L_c	btn_c	ca2_c	cl_c	coa_c	cobalt2_c	ctp_c	cu2_c	cys__L_c	datp_c	dctp_c	dgtp_c	dttp_c	fad_c	fe2_c	fe3_c	gln__L_c	glu__L_c	gly_c	gtp_c	his__L_c	ile__L_c	k_c	kdo2lipid4_e	leu__L_c	lys__L_c	met__L_c	mg2_c	mlthf_c	mn2_c	mobd_c	murein5px4p_p	nad_c	nadp_c	nh4_c	ni2_c	pe160_p	pe161_p	phe__L_c	pheme_c	ppi_c	pro__L_c	pydx5p_c	ribflv_c	ser__L_c	sheme_c	so4_c	succoa_c	thf_c	thmpp_c	thr__L_c	trp__L_c	tyr__L_c	udcpdp_c	utp_c	val__L_c	zn2_c
0		-75.55222	75.37723	-70.02895	75.37323	75.37723	-0.00022	-0.0001	-0.00022	-0.00026	-0.51367	-0.00022	-0.29578	-0.24105	-0.24105	-0.0001	-0.0052	-0.0052	-0.00058	-0.0001	-0.1335	-0.00071	-0.09158	-0.02617	-0.02702	-0.02702	-0.02617	-0.00022	-0.00671	-0.00781	-0.26315	-0.26315	-0.61261	-0.21509	-0.09473	-0.29052	-0.19519	-0.01946	-0.45051	-0.34315	-0.15368	-0.00867	-0.00022	-0.00069	-0.0001	-0.01389	-0.00183	-0.00045	-0.01301	-0.00032	-0.06381	-0.07521	-0.18526	-0.00022	0.77406	-0.22105	-0.00022	-0.00022	-0.21578	-0.00022	-0.00434	-0.0001	-0.00022	-0.00022	-0.25368	-0.05684	-0.13789	-0.0001	-0.1441	-0.42315	-0.00034
1	1007.7518068112265	-75.550873946	75.37723	-70.070089924	75.373260769	75.37723	-0.000218308	-9.9231e-05	-0.000218308	-0.000258	-0.509718759	-0.000218308	-0.293504807	-0.2391958	-0.2391958	-9.9231e-05	-0.005160001	-0.005160001	-0.000575539	-9.9231e-05	-0.132473094	-0.000704539	-0.09087555	-0.025968696	-0.026812157	-0.026812157	-0.025968696	-0.000218308	-0.006658385	-0.007749924	-0.261125803	-0.261125803	-0.607897695	-0.213435489	-0.09400132	-0.288285268	-0.193688564	-0.01931031	-0.447044597	-0.340510429	-0.152497866	-0.008603309	-0.000218308	-0.000684692	-9.9231e-05	-0.013783156	-0.001815923	-0.000446539	-0.012909925	-0.000317539	-0.074488994	-0.074631471	-0.183834947	-0.000218308	0.768105792	-0.219349644	-0.000218308	-0.000218308	-0.214120182	-0.000218308	-0.004306616	-9.9231e-05	-0.000218308	-0.000218308	-0.251728648	-0.056402777	-0.136829326	-9.9231e-05	-0.142991557	-0.419895055	-0.000337385
2	1001.7296762896358	-75.551917847	75.37723	-70.038184821	75.37323690699999	75.37723	-0.00021962	-9.9827e-05	-0.00021962	-0.000259551	-0.512783051	-0.00021962	-0.29526928	-0.240633781	-0.240633781	-9.9827e-05	-0.005191021	-0.005191021	-0.000578999	-9.9827e-05	-0.133269487	-0.000708774	-0.09142187	-0.026124813	-0.026973345	-0.026973345	-0.026124813	-0.00021962	-0.006698414	-0.007796515	-0.262695622	-0.262695622	-0.611552213	-0.214718606	-0.094566431	-0.290018362	-0.194852967	-0.019426399	-0.449732109	-0.342557486	-0.153414642	-0.00865503	-0.00021962	-0.000688809	-9.9827e-05	-0.013866016	-0.00182684	-0.000449223	-0.012987536	-0.000319447	-0.066248814	-0.075080136	-0.184940113	-0.00021962	0.77272344	-0.220668315	-0.00021962	-0.00021962	-0.215407415	-0.00021962	-0.004332506	-9.9827e-05	-0.00021962	-0.00021962	-0.253241973	-0.056741855	-0.137651907	-9.9827e-05	-0.143851184	-0.422419351	-0.000339413
3	1004.2843367270289	-75.55147348199999	75.37723	-70.051766082	75.373247064	75.37723	-0.000219061	-9.9573e-05	-0.000219061	-0.000258891	-0.511478653	-0.000219061	-0.294518185	-0.240021666	-0.240021666	-9.9573e-05	-0.005177816	-0.005177816	-0.000577526	-9.9573e-05	-0.132930481	-0.000706971	-0.091189314	-0.026058357	-0.026904731	-0.026904731	-0.026058357	-0.000219061	-0.006681375	-0.007776682	-0.262027386	-0.262027386	-0.609996569	-0.214172413	-0.094325876	-0.289280624	-0.194357308	-0.019376982	-0.448588098	-0.341686102	-0.153024392	-0.008633013	-0.000219061	-0.000687056	-9.9573e-05	-0.013830744	-0.001822193	-0.00044808	-0.012954499	-0.000318635	-0.069756467	-0.07488915	-0.18446967	-0.000219061	0.7707578130000001	-0.220106988	-0.000219061	-0.000219061	-0.21485947	-0.000219061	-0.004321485	-9.9573e-05	-0.000219061	-0.000219061	-0.252597786	-0.056597517	-0.137301753	-9.9573e-05	-0.143485261	-0.421344817	-0.00033855
4	1009.8572456950784	-75.550511918	75.37723	-70.081154715	75.373269044	75.37723	-0.000217853	-9.9024e-05	-0.000217853	-0.000257462	-0.508656052	-0.000217853	-0.292892883	-0.238697104	-0.238697104	-9.9024e-05	-0.005149243	-0.005149243	-0.000574339	-9.9024e-05	-0.132196903	-0.00070307	-0.090686085	-0.025914554	-0.026756257	-0.026756257	-0.025914554	-0.000217853	-0.006644503	-0.007733766	-0.260581385	-0.260581385	-0.606630296	-0.2129905	-0.093805338	-0.287684226	-0.193284745	-0.01927005	-0.446112559	-0.339800503	-0.152179925	-0.008585372	-0.000217853	-0.000683265	-9.9024e-05	-0.013754419	-0.001812137	-0.000445608	-0.012883009	-0.000316876	-0.077346714	-0.074475873	-0.183451672	-0.000217853	0.7665043790000001	-0.218892325	-0.000217853	-0.000217853	-0.213673765	-0.000217853	-0.004297637	-9.9024e-05	-0.000217853	-0.000217853	-0.251203822	-0.056285183	-0.136544052	-9.9024e-05	-0.142693436	-0.419019621	-0.000336681
5	1008.208824716638	-75.550795233	75.37723	-70.07249563399999	75.373262568	75.37723	-0.000218209	-9.9186e-05	-0.000218209	-0.000257883	-0.509487705	-0.000218209	-0.293371763	-0.239087374	-0.239087374	-9.9186e-05	-0.005157662	-0.005157662	-0.000575278	-9.9186e-05	-0.132413045	-0.000704219	-0.090834357	-0.025956924	-0.026800003	-0.026800003	-0.025956924	-0.000218209	-0.006655367	-0.007746411	-0.261007436	-0.261007436	-0.607622136	-0.21333874	-0.093958709	-0.288154589	-0.193600765	-0.019301557	-0.446841953	-0.340356077	-0.152428739	-0.008599409	-0.000218209	-0.000684382	-9.9186e-05	-0.013776908	-0.0018151	-0.000446336	-0.012904073	-0.000317395	-0.07511032	-0.074597641	-0.183751615	-0.000218209	0.7677576110000001	-0.219250213	-0.000218209	-0.000218209	-0.214023122	-0.000218209	-0.004304664	-9.9186e-05	-0.000218209	-0.000218209	-0.25161454	-0.056377209	-0.136767301	-9.9186e-05	-0.142926739	-0.419704718	-0.000337232
6	995.6477615897888	-75.552984927	75.37723	-70.00557126	75.37321251499999	75.37723	-0.000220962	-0.000100437	-0.000220962	-0.000261137	-0.515915387	-0.000220962	-0.297072932	-0.242103693	-0.242103693	-0.000100437	-0.005222731	-0.005222731	-0.000582535	-0.000100437	-0.134083564	-0.000713104	-0.09198032	-0.026284396	-0.027138112	-0.027138112	-0.026284396	-0.000220962	-0.006739331	-0.00784414	-0.264300298	-0.264300298	-0.61528788	-0.216030215	-0.09514409	-0.291789939	-0.196043227	-0.019545065	-0.452479298	-0.344649999	-0.154351776	-0.008707899	-0.000220962	-0.000693016	-0.000100437	-0.013950717	-0.001837999	-0.000451967	-0.01306687	-0.000321399	-0.057825661	-0.075538763	-0.18606982	-0.000220962	0.777443621	-0.222016268	-0.000220962	-0.000220962	-0.216723231	-0.000220962	-0.004358971	-0.000100437	-0.000220962	-0.000220962	-0.254788902	-0.057088463	-0.138492753	-0.000100437	-0.144729899	-0.4249997	-0.000341486
7	1004.157837684268	-75.551495433	75.37723	-70.051095203	75.37324656199999	75.37723	-0.000219089	-9.9586e-05	-0.000219089	-0.000258923	-0.511543087	-0.000219089	-0.294555287	-0.240051903	-0.240051903	-9.9586e-05	-0.005178469	-0.005178469	-0.000577598	-9.9586e-05	-0.132947227	-0.00070706	-0.091200802	-0.02606164	-0.02690812	-0.02690812	-0.02606164	-0.000219089	-0.006682216	-0.007777662	-0.262060395	-0.262060395	-0.610073414	-0.214199394	-0.094337759	-0.289317067	-0.194381792	-0.019379424	-0.448644609	-0.341729146	-0.153043669	-0.008634101	-0.000219089	-0.000687143	-9.9586e-05	-0.013832487	-0.001822423	-0.000448137	-0.012956131	-0.000318675	-0.069583199	-0.074898584	-0.184492908	-0.000219089	0.77085491	-0.220134716	-0.000219089	-0.000219089	-0.214886537	-0.000219089	-0.00432203	-9.9586e-05	-0.000219089	-0.000219089	-0.252629607	-0.056604647	-0.13731905	-9.9586e-05	-0.143503336	-0.421397896	-0.000338592
8	999.2945244145889	-75.552343538	75.37723	-70.025174255	75.373227176	75.37723	-0.000220155	-0.000100071	-0.000220155	-0.000260184	-0.514032637	-0.000220155	-0.295988813	-0.241220175	-0.241220175	-0.000100071	-0.005203671	-0.005203671	-0.000580409	-0.000100071	-0.133594247	-0.000710501	-0.091644653	-0.026188475	-0.027039075	-0.027039075	-0.026188475	-0.000220155	-0.006714737	-0.007815514	-0.263335777	-0.263335777	-0.613042487	-0.215241848	-0.094796877	-0.290725099	-0.195327799	-0.019473738	-0.450828048	-0.343392255	-0.153788494	-0.008676121	-0.000220155	-0.000690487	-0.000100071	-0.013899806	-0.001831292	-0.000450318	-0.013019185	-0.000320226	-0.062888556	-0.075263096	-0.185390789	-0.000220155	0.7746064640000001	-0.221206055	-0.000220155	-0.000220155	-0.215932335	-0.000220155	-0.004343064	-0.000100071	-0.000220155	-0.000220155	-0.253859091	-0.056880128	-0.137987347	-0.000100071	-0.144201731	-0.423448733	-0.00034024
9	999.5070740879258	-75.5523063	75.37723	-70.026312397	75.373228027	75.37723	-0.000220108	-0.000100049	-0.000220108	-0.000260128	-0.513923326	-0.000220108	-0.29592587	-0.241168878	-0.241168878	-0.000100049	-0.005202564	-0.005202564	-0.000580286	-0.000100049	-0.133565838	-0.00071035	-0.091625164	-0.026182906	-0.027033325	-0.027033325	-0.026182906	-0.000220108	-0.006713309	-0.007813852	-0.263279777	-0.263279777	-0.61291212	-0.215196076	-0.094776718	-0.290663275	-0.195286262	-0.019469597	-0.450732178	-0.343319231	-0.15375579	-0.008674276	-0.000220108	-0.00069034	-0.000100049	-0.01389685	-0.001830902	-0.000450222	-0.013016416	-0.000320158	-0.063182505	-0.075247091	-0.185351364	-0.000220108	0.7744417419999999	-0.221159015	-0.000220108	-0.000220108	-0.215886416	-0.000220108	-0.00434214	-0.000100049	-0.000220108	-0.000220108	-0.253805107	-0.056868032	-0.137958003	-0.000100049	-0.144171066	-0.423358684	-0.000340168
10	1001.775778684876	-75.551909807	75.37723	-70.038430527	75.373237091	75.37723	-0.00021961	-9.9823e-05	-0.00021961	-0.000259539	-0.512759453	-0.00021961	-0.295255691	-0.240622707	-0.240622707	-9.9823e-05	-0.005190782	-0.005190782	-0.000578972	-9.9823e-05	-0.133263354	-0.000708741	-0.091417662	-0.02612361	-0.026972104	-0.026972104	-0.02612361	-0.00021961	-0.006698106	-0.007796156	-0.262683532	-0.262683532	-0.611524069	-0.214708725	-0.094562079	-0.290005015	-0.194844	-0.019425505	-0.449711412	-0.342541722	-0.153407582	-0.008654631	-0.00021961	-0.000688777	-9.9823e-05	-0.013865378	-0.001826756	-0.000449202	-0.012986938	-0.000319433	-0.066312273	-0.07507668	-0.184931602	-0.00021961	0.7726878779999999	-0.22065816	-0.00021961	-0.00021961	-0.215397502	-0.00021961	-0.004332307	-9.9823e-05	-0.00021961	-0.00021961	-0.253230319	-0.056739244	-0.137645572	-9.9823e-05	-0.143844564	-0.422399911	-0.000339397
11	1000.5988344022386	-75.552115273	75.37723	-70.032150816	75.373232394	75.37723	-0.000219868	-9.994e-05	-0.000219868	-0.000259844	-0.513362581	-0.000219868	-0.295602983	-0.240905737	-0.240905737	-9.994e-05	-0.005196888	-0.005196888	-0.000579653	-9.994e-05	-0.133420103	-0.000709575	-0.091525192	-0.026154338	-0.027003829	-0.027003829	-0.026154338	-0.000219868	-0.006705984	-0.007805326	-0.262992511	-0.262992511	-0.612243368	-0.214961274	-0.094673306	-0.290346131	-0.195073183	-0.019448354	-0.450240381	-0.342944633	-0.153588026	-0.008664811	-0.000219868	-0.000689587	-9.994e-05	-0.013881687	-0.001828905	-0.000449731	-0.013002214	-0.000319808	-0.064690403	-0.075164989	-0.185149126	-0.000219868	0.773596744	-0.220917707	-0.000219868	-0.000219868	-0.215650861	-0.000219868	-0.004337403	-9.994e-05	-0.000219868	-0.000219868	-0.253528179	-0.056805983	-0.137807476	-9.994e-05	-0.14401376	-0.422896755	-0.000339797
12	1006.3840120666869	-75.551109948	75.37723	-70.062876893	75.373255374	75.37723	-0.000218604	-9.9366e-05	-0.000218604	-0.000258351	-0.510411527	-0.000218604	-0.293903715	-0.239520896	-0.239520896	-9.9366e-05	-0.005167014	-0.005167014	-0.000576321	-9.9366e-05	-0.132653141	-0.000705496	-0.090999061	-0.02600399	-0.026848598	-0.026848598	-0.02600399	-0.000218604	-0.006667435	-0.007760457	-0.261480704	-0.261480704	-0.608723899	-0.213725573	-0.094129079	-0.288677082	-0.193951809	-0.019336555	-0.447652183	-0.340973223	-0.152705129	-0.008615002	-0.000218604	-0.000685623	-9.9366e-05	-0.013801889	-0.001818391	-0.000447145	-0.012927471	-0.00031797	-0.072626074	-0.074732904	-0.1840848	-0.000218604	0.769149737	-0.219647766	-0.000218604	-0.000218604	-0.214411196	-0.000218604	-0.004312469	-9.9366e-05	-0.000218604	-0.000218604	-0.252070777	-0.056479435	-0.137015293	-9.9366e-05	-0.143185899	-0.420465742	-0.000337843
13	1003.32310493003	-75.551640416	75.37723	-70.046664029	75.373243248	75.37723	-0.000219271	-9.9669e-05	-0.000219271	-0.000259139	-0.511968674	-0.000219271	-0.294800348	-0.240251619	-0.240251619	-9.9669e-05	-0.005182777	-0.005182777	-0.000578079	-9.9669e-05	-0.133057835	-0.000707648	-0.091276678	-0.026083322	-0.026930507	-0.026930507	-0.026083322	-0.000219271	-0.006687776	-0.007784133	-0.262278421	-0.262278421	-0.610580975	-0.214377601	-0.094416245	-0.289557769	-0.194543511	-0.019395547	-0.449017867	-0.342013453	-0.153170997	-0.008641284	-0.000219271	-0.000687715	-9.9669e-05	-0.013843995	-0.001823939	-0.00044851	-0.01296691	-0.00031894	-0.068438753	-0.074960897	-0.184646401	-0.000219271	0.771496237	-0.220317861	-0.000219271	-0.000219271	-0.215065315	-0.000219271	-0.004325625	-9.9669e-05	-0.000219271	-0.000219271	-0.252839787	-0.05665174	-0.137433295	-9.9669e-05	-0.143622727	-0.421748486	-0.000338874
14	1000.5000684838944	-75.55213253699999	75.37723	-70.031623168	75.373231999	75.37723	-0.00021989	-9.995e-05	-0.00021989	-0.00025987	-0.513413258	-0.00021989	-0.295632164	-0.240929519	-0.240929519	-9.995e-05	-0.005197401	-0.005197401	-0.00057971	-9.995e-05	-0.133433274	-0.000709645	-0.091534227	-0.02615692	-0.027006495	-0.027006495	-0.02615692	-0.00021989	-0.006706646	-0.007806096	-0.263018473	-0.263018473	-0.612303806	-0.214982494	-0.094682652	-0.290374793	-0.19509244	-0.019450274	-0.450284827	-0.342978487	-0.153603188	-0.008665667	-0.00021989	-0.000689655	-9.995e-05	-0.013883058	-0.001829085	-0.000449775	-0.013003497	-0.00031984	-0.064554127	-0.075172409	-0.185167404	-0.00021989	0.773673111	-0.220939515	-0.00021989	-0.00021989	-0.215672149	-0.00021989	-0.004337831	-9.995e-05	-0.00021989	-0.00021989	-0.253553206	-0.05681159	-0.13782108	-9.995e-05	-0.144027976	-0.422938502	-0.00033983
15	1001.9226554829252	-75.5518842	75.37723	-70.039213167	75.373237676	75.37723	-0.000219578	-9.9808e-05	-0.000219578	-0.000259501	-0.512684285	-0.000219578	-0.295212408	-0.240587433	-0.240587433	-9.9808e-05	-0.005190021	-0.005190021	-0.000578887	-9.9808e-05	-0.133243818	-0.000708638	-0.091404261	-0.026119781	-0.02696815	-0.02696815	-0.026119781	-0.000219578	-0.006697124	-0.007795013	-0.262645024	-0.262645024	-0.611434422	-0.21467725	-0.094548216	-0.289962502	-0.194815437	-0.019422657	-0.449645487	-0.342491507	-0.153385093	-0.008653363	-0.000219578	-0.000688676	-9.9808e-05	-0.013863346	-0.001826488	-0.000449136	-0.012985034	-0.000319386	-0.066514407	-0.075065675	-0.184904492	-0.000219578	0.772574607	-0.220625813	-0.000219578	-0.000219578	-0.215365926	-0.000219578	-0.004331672	-9.9808e-05	-0.000219578	-0.000219578	-0.253193197	-0.056730926	-0.137625394	-9.9808e-05	-0.143823477	-0.42233799	-0.000339348
16	1001.4361283651998	-75.551969052	75.37723	-70.036619801	75.373235736	75.37723	-0.000219685	-9.9857e-05	-0.000219685	-0.000259627	-0.512933362	-0.000219685	-0.295355831	-0.240704318	-0.240704318	-9.9857e-05	-0.005192543	-0.005192543	-0.000579168	-9.9857e-05	-0.133308552	-0.000708982	-0.091448668	-0.02613247	-0.026981251	-0.026981251	-0.02613247	-0.000219685	-0.006700377	-0.0077988	-0.262772625	-0.262772625	-0.611731475	-0.214781546	-0.094594151	-0.290103374	-0.194910084	-0.019432093	-0.449863938	-0.342657899	-0.153459612	-0.008657567	-0.000219685	-0.00068901	-9.9857e-05	-0.013870081	-0.001827376	-0.000449355	-0.012991343	-0.000319541	-0.065844615	-0.075102144	-0.184994324	-0.000219685	0.772949943	-0.220732999	-0.000219685	-0.000219685	-0.215470557	-0.000219685	-0.004333776	-9.9857e-05	-0.000219685	-0.000219685	-0.253316205	-0.056758488	-0.137692256	-9.9857e-05	-0.143893351	-0.422543174	-0.000339512
17	1006.5597692114272	-75.551079587	75.37723	-70.06380484099999	75.373256068	75.37723	-0.000218566	-9.9348e-05	-0.000218566	-0.000258306	-0.510322403	-0.000218566	-0.293852396	-0.239479073	-0.239479073	-9.9348e-05	-0.005166112	-0.005166112	-0.00057622	-9.9348e-05	-0.132629978	-0.000705373	-0.090983171	-0.02599945	-0.02684391	-0.02684391	-0.02599945	-0.000218566	-0.006666271	-0.007759102	-0.261435046	-0.261435046	-0.608617609	-0.213688254	-0.094112643	-0.288626676	-0.193917943	-0.019333179	-0.447574018	-0.340913685	-0.152678465	-0.008613497	-0.000218566	-0.000685503	-9.9348e-05	-0.013799479	-0.001818074	-0.000447067	-0.012925214	-0.000317915	-0.072865736	-0.074719855	-0.184052657	-0.000218566	0.769015437	-0.219609413	-0.000218566	-0.000218566	-0.214373758	-0.000218566	-0.004311716	-9.9348e-05	-0.000218566	-0.000218566	-0.252026763	-0.056469573	-0.136991368	-9.9348e-05	-0.143160898	-0.420392323	-0.000337784
18	999.0569717103551	-75.552385176	75.37723	-70.02390165999999	75.37322622399999	75.37723	-0.000220208	-0.000100094	-0.000220208	-0.000260245	-0.514154863	-0.000220208	-0.296059192	-0.241277532	-0.241277532	-0.000100094	-0.005204908	-0.005204908	-0.000580547	-0.000100094	-0.133626013	-0.00071067	-0.091666444	-0.026194702	-0.027045505	-0.027045505	-0.026194702	-0.000220208	-0.006716334	-0.007817372	-0.263398392	-0.263398392	-0.613188254	-0.215293027	-0.094819417	-0.290794227	-0.195374243	-0.019478369	-0.450935245	-0.343473906	-0.153825061	-0.008678184	-0.000220208	-0.000690651	-0.000100094	-0.013903111	-0.001831727	-0.000450425	-0.01302228	-0.000320302	-0.062559881	-0.075280992	-0.18543487	-0.000220208	0.7747906489999999	-0.221258653	-0.000220208	-0.000220208	-0.215983679	-0.000220208	-0.004344097	-0.000100094	-0.000220208	-0.000220208	-0.253919453	-0.056893652	-0.138020157	-0.000100094	-0.144236019	-0.423549419	-0.000340321
19	1001.3451420523269	-75.55198493	75.37723	-70.036134533	75.373235373	75.37723	-0.000219704	-9.9866e-05	-0.000219704	-0.000259651	-0.512979969	-0.000219704	-0.295382668	-0.240726189	-0.240726189	-9.9866e-05	-0.005193015	-0.005193015	-0.000579221	-9.9866e-05	-0.133320665	-0.000709046	-0.091456977	-0.026134845	-0.026983703	-0.026983703	-0.026134845	-0.000219704	-0.006700986	-0.007799509	-0.262796501	-0.262796501	-0.611787059	-0.214801062	-0.094602746	-0.290129734	-0.194927794	-0.019433859	-0.449904814	-0.342689035	-0.153473556	-0.008658353	-0.000219704	-0.000689073	-9.9866e-05	-0.013871341	-0.001827542	-0.000449395	-0.012992523	-0.00031957	-0.065719283	-0.075108968	-0.185011134	-0.000219704	0.7730201779999999	-0.220753056	-0.000219704	-0.000219704	-0.215490135	-0.000219704	-0.00433417	-9.9866e-05	-0.000219704	-0.000219704	-0.253339223	-0.056763645	-0.137704768	-9.9866e-05	-0.143906425	-0.422581568	-0.000339543
20	996.191658923256	-75.552888969	75.37723	-70.008504062	75.37321470799999	75.37723	-0.000220841	-0.000100382	-0.000220841	-0.000260994	-0.515633709	-0.000220841	-0.296910737	-0.24197151	-0.24197151	-0.000100382	-0.005219879	-0.005219879	-0.000582217	-0.000100382	-0.134010357	-0.000712714	-0.091930101	-0.026270045	-0.027123295	-0.027123295	-0.026270045	-0.000220841	-0.006735652	-0.007839857	-0.264155996	-0.264155996	-0.614951947	-0.215912268	-0.095092143	-0.291630629	-0.195936192	-0.019534394	-0.452232255	-0.344461828	-0.154267503	-0.008703145	-0.000220841	-0.000692638	-0.000100382	-0.0139431	-0.001836996	-0.00045172	-0.013059736	-0.000321223	-0.05858312	-0.07549752	-0.18596823	-0.000220841	0.777019154	-0.221895052	-0.000220841	-0.000220841	-0.216604905	-0.000220841	-0.004356591	-0.000100382	-0.000220841	-0.000220841	-0.254649793	-0.057057294	-0.13841714	-0.000100382	-0.14465088	-0.42476766	-0.0003413
21	988.6903770510771	-75.554221709	75.37723	-69.967771059	75.373184244	75.37723	-0.000222517	-0.000101144	-0.000222517	-0.000262974	-0.519545868	-0.000222517	-0.299163426	-0.243807369	-0.243807369	-0.000101144	-0.005259483	-0.005259483	-0.000586635	-0.000101144	-0.135027106	-0.000718122	-0.092627583	-0.026469358	-0.027329082	-0.027329082	-0.026469358	-0.000222517	-0.006786756	-0.007899339	-0.266160171	-0.266160171	-0.619617642	-0.217550413	-0.095813616	-0.293843256	-0.197422777	-0.019682603	-0.455663381	-0.347075291	-0.155437945	-0.008769176	-0.000222517	-0.000697893	-0.000101144	-0.014048888	-0.001850933	-0.000455148	-0.013158821	-0.00032366	-0.048062946	-0.076070327	-0.187379188	-0.000222517	0.7829144669999999	-0.22357859	-0.000222517	-0.000222517	-0.218248306	-0.000222517	-0.004389645	-0.000101144	-0.000222517	-0.000222517	-0.256581844	-0.057490192	-0.139467323	-0.000101144	-0.145748359	-0.42799041	-0.000343889
22	1002.8488074552644	-75.551722903	75.37723	-70.044142936	75.37324136299999	75.37723	-0.000219375	-9.9716e-05	-0.000219375	-0.000259261	-0.51221081	-0.000219375	-0.294939773	-0.240365246	-0.240365246	-9.9716e-05	-0.005185228	-0.005185228	-0.000578352	-9.9716e-05	-0.133120765	-0.000707983	-0.091319847	-0.026095658	-0.026943244	-0.026943244	-0.026095658	-0.000219375	-0.006690939	-0.007787814	-0.262402466	-0.262402466	-0.61086975	-0.214478991	-0.094460899	-0.289694716	-0.194635521	-0.01940472	-0.44923023	-0.342175209	-0.153243439	-0.008645371	-0.000219375	-0.00068804	-9.9716e-05	-0.013850542	-0.001824801	-0.000448722	-0.012973042	-0.000319091	-0.067787626	-0.07499635	-0.184733729	-0.000219375	0.771861116	-0.22042206	-0.000219375	-0.000219375	-0.215167031	-0.000219375	-0.004327671	-9.9716e-05	-0.000219375	-0.000219375	-0.252959367	-0.056678534	-0.137498294	-9.9716e-05	-0.143690653	-0.421947952	-0.000339034
23	1003.7796496358975	-75.55156108999999	75.37723	-70.049088507	75.373245062	75.37723	-0.000219172	-9.9623e-05	-0.000219172	-0.000259021	-0.511735818	-0.000219172	-0.294666265	-0.240142346	-0.240142346	-9.9623e-05	-0.00518042	-0.00518042	-0.000577816	-9.9623e-05	-0.132997317	-0.000707327	-0.091235163	-0.026071459	-0.026918258	-0.026918258	-0.026071459	-0.000219172	-0.006684734	-0.007780592	-0.26215913	-0.26215913	-0.610303267	-0.214280096	-0.094373302	-0.289426071	-0.194455028	-0.019386725	-0.448813642	-0.341857897	-0.153101331	-0.008637354	-0.000219172	-0.000687402	-9.9623e-05	-0.013837698	-0.001823109	-0.000448306	-0.012961012	-0.000318795	-0.069064926	-0.074926803	-0.184562419	-0.000219172	0.77114534	-0.220217654	-0.000219172	-0.000219172	-0.214967498	-0.000219172	-0.004323658	-9.9623e-05	-0.000219172	-0.000219172	-0.252724789	-0.056625974	-0.137370787	-9.9623e-05	-0.143557403	-0.421556664	-0.00033872
24	996.6858768290026	-75.552801867	75.37723	-70.01116620399999	75.373216699	75.37723	-0.000220732	-0.000100333	-0.000220732	-0.000260865	-0.515378026	-0.000220732	-0.296763511	-0.241851526	-0.241851526	-0.000100333	-0.005217291	-0.005217291	-0.000581929	-0.000100333	-0.133943907	-0.000712361	-0.091884517	-0.026257019	-0.027109845	-0.027109845	-0.026257019	-0.000220732	-0.006732312	-0.007835969	-0.264025011	-0.264025011	-0.614647016	-0.215805205	-0.095044991	-0.291486021	-0.195839035	-0.019524707	-0.45200801	-0.344291023	-0.154191008	-0.008698829	-0.000220732	-0.000692294	-0.000100333	-0.013936186	-0.001836085	-0.000451496	-0.01305326	-0.000321064	-0.059270675	-0.075460084	-0.185876016	-0.000220732	0.77663386	-0.221785023	-0.000220732	-0.000220732	-0.216497499	-0.000220732	-0.004354431	-0.000100333	-0.000220732	-0.000220732	-0.254523522	-0.057029001	-0.138348504	-0.000100333	-0.144579153	-0.424557034	-0.000341131
25	1009.9846801746874	-75.550490054	75.37723	-70.08182294699999	75.373269544	75.37723	-0.000217825	-9.9011e-05	-0.000217825	-0.00025743	-0.508591873	-0.000217825	-0.292855927	-0.238666986	-0.238666986	-9.9011e-05	-0.005148593	-0.005148593	-0.000574266	-9.9011e-05	-0.132180223	-0.000702981	-0.090674643	-0.025911284	-0.026752881	-0.026752881	-0.025911284	-0.000217825	-0.006643665	-0.007732791	-0.260548506	-0.260548506	-0.606553755	-0.212963626	-0.093793502	-0.287647927	-0.193260357	-0.019267619	-0.446056271	-0.339757629	-0.152160724	-0.008584289	-0.000217825	-0.000683179	-9.9011e-05	-0.013752684	-0.001811909	-0.000445551	-0.012881384	-0.000316836	-0.077519299	-0.074466476	-0.183428525	-0.000217825	0.766407664	-0.218864706	-0.000217825	-0.000217825	-0.213646805	-0.000217825	-0.004297095	-9.9011e-05	-0.000217825	-0.000217825	-0.251172127	-0.056278081	-0.136526823	-9.9011e-05	-0.142675431	-0.418966751	-0.000336639
26	993.5412323626734	-75.55335756699999	75.37723	-69.99418214399999	75.37320399699999	75.37723	-0.00022143	-0.00010065	-0.00022143	-0.00026169	-0.517009243	-0.00022143	-0.297702793	-0.242617007	-0.242617007	-0.00010065	-0.005233804	-0.005233804	-0.00058377	-0.00010065	-0.134367851	-0.000714616	-0.092175339	-0.026340125	-0.02719565	-0.02719565	-0.026340125	-0.00022143	-0.00675362	-0.007860771	-0.264860674	-0.264860674	-0.616592427	-0.216488247	-0.095345816	-0.292408599	-0.196458882	-0.019586505	-0.453438655	-0.345380734	-0.154679036	-0.008726362	-0.00022143	-0.000694486	-0.00010065	-0.013980295	-0.001841896	-0.000452925	-0.013094575	-0.00032208	-0.054884177	-0.075698922	-0.18646433	-0.00022143	0.779091974	-0.222486992	-0.00022143	-0.00022143	-0.217182733	-0.00022143	-0.004368213	-0.00010065	-0.00022143	-0.00022143	-0.255329111	-0.057209503	-0.138786389	-0.00010065	-0.145036759	-0.425900794	-0.00034221
27	1000.1648674451422	-75.552191155	75.37723	-70.029831613	75.373230659	75.37723	-0.000219964	-9.9984e-05	-0.000219964	-0.000259957	-0.513585326	-0.000219964	-0.295731244	-0.241010265	-0.241010265	-9.9984e-05	-0.005199143	-0.005199143	-0.000579904	-9.9984e-05	-0.133477994	-0.000709883	-0.091564904	-0.026165686	-0.027015546	-0.027015546	-0.026165686	-0.000219964	-0.006708894	-0.007808713	-0.263106622	-0.263106622	-0.612509017	-0.215054545	-0.094714385	-0.290472111	-0.195157825	-0.019456792	-0.450435738	-0.343093435	-0.153654667	-0.008668571	-0.000219964	-0.000689886	-9.9984e-05	-0.01388771	-0.001829698	-0.000449926	-0.013007855	-0.000319947	-0.064091419	-0.075197602	-0.185229462	-0.000219964	0.7739324049999999	-0.221013562	-0.000219964	-0.000219964	-0.215744431	-0.000219964	-0.004339285	-9.9984e-05	-0.000219964	-0.000219964	-0.253638183	-0.05683063	-0.13786727	-9.9984e-05	-0.144076247	-0.423080248	-0.000339944
28	999.1363357777288	-75.552371263	75.37723	-70.024326886	75.373226542	75.37723	-0.00022019	-0.000100086	-0.00022019	-0.000260225	-0.514114022	-0.00022019	-0.296035675	-0.241258366	-0.241258366	-0.000100086	-0.005204495	-0.005204495	-0.000580501	-0.000100086	-0.133615399	-0.000710614	-0.091659163	-0.026192622	-0.027043356	-0.027043356	-0.026192622	-0.00022019	-0.0067158	-0.007816751	-0.26337747	-0.26337747	-0.613139547	-0.215275926	-0.094811886	-0.290771129	-0.195358724	-0.019476821	-0.450899426	-0.343446623	-0.153812843	-0.008677494	-0.00022019	-0.000690596	-0.000100086	-0.013902007	-0.001831582	-0.000450389	-0.013021246	-0.000320277	-0.062669705	-0.075275012	-0.185420141	-0.00022019	0.774729106	-0.221241078	-0.00022019	-0.00022019	-0.215966523	-0.00022019	-0.004343752	-0.000100086	-0.00022019	-0.00022019	-0.253899284	-0.056889133	-0.138009194	-0.000100086	-0.144224562	-0.423515775	-0.000340294
29	1006.7306454724318	-75.55105007899999	75.37723	-70.064706711	75.373256743	75.37723	-0.000218529	-9.9331e-05	-0.000218529	-0.000258262	-0.510235784	-0.000218529	-0.293802519	-0.239438425	-0.239438425	-9.9331e-05	-0.005165235	-0.005165235	-0.000576122	-9.9331e-05	-0.132607466	-0.000705253	-0.090967728	-0.025995037	-0.026839354	-0.026839354	-0.025995037	-0.000218529	-0.006665139	-0.007757785	-0.261390672	-0.261390672	-0.608514306	-0.213651984	-0.094096669	-0.288577686	-0.193885029	-0.019329897	-0.447498049	-0.34085582	-0.15265255	-0.008612035	-0.000218529	-0.000685387	-9.9331e-05	-0.013797136	-0.001817765	-0.000446991	-0.01292302	-0.000317861	-0.073098663	-0.074707173	-0.184021417	-0.000218529	0.768884909	-0.219572138	-0.000218529	-0.000218529	-0.214337371	-0.000218529	-0.004310984	-9.9331e-05	-0.000218529	-0.000218529	-0.251983985	-0.056459988	-0.136968116	-9.9331e-05	-0.143136598	-0.420320969	-0.000337727
30	1006.4506194031723	-75.551098441	75.37723	-70.0632286	75.373255637	75.37723	-0.00021859	-9.9359e-05	-0.00021859	-0.000258334	-0.510377747	-0.00021859	-0.293884264	-0.239505044	-0.239505044	-9.9359e-05	-0.005166672	-0.005166672	-0.000576283	-9.9359e-05	-0.132644362	-0.000705449	-0.090993039	-0.026002269	-0.026846821	-0.026846821	-0.026002269	-0.00021859	-0.006666994	-0.007759944	-0.261463399	-0.261463399	-0.608683614	-0.213711429	-0.094122849	-0.288657977	-0.193938973	-0.019335275	-0.447622557	-0.340950657	-0.152695023	-0.008614432	-0.00021859	-0.000685578	-9.9359e-05	-0.013800975	-0.001818271	-0.000447116	-0.012926615	-0.000317949	-0.072716909	-0.074727958	-0.184072618	-0.00021859	0.769098835	-0.21963323	-0.00021859	-0.00021859	-0.214397007	-0.00021859	-0.004312184	-9.9359e-05	-0.00021859	-0.00021859	-0.252054095	-0.056475697	-0.137006225	-9.9359e-05	-0.143176423	-0.420437915	-0.000337821
31	1000.64697918507	-75.552106858	75.37723	-70.032407987	75.373232586	75.37723	-0.000219858	-9.9935e-05	-0.000219858	-0.000259832	-0.513337881	-0.000219858	-0.29558876	-0.240894147	-0.240894147	-9.9935e-05	-0.005196638	-0.005196638	-0.000579625	-9.9935e-05	-0.133413684	-0.000709541	-0.091520788	-0.02615308	-0.02700253	-0.02700253	-0.02615308	-0.000219858	-0.006705662	-0.00780495	-0.262979858	-0.262979858	-0.61221391	-0.214950931	-0.094668751	-0.290332161	-0.195063798	-0.019447418	-0.450218718	-0.342928133	-0.153580637	-0.008664394	-0.000219858	-0.000689554	-9.9935e-05	-0.013881019	-0.001828817	-0.000449709	-0.013001588	-0.000319793	-0.064756823	-0.075161372	-0.185140218	-0.000219858	0.7735595239999999	-0.220907078	-0.000219858	-0.000219858	-0.215640485	-0.000219858	-0.004337194	-9.9935e-05	-0.000219858	-0.000219858	-0.25351598	-0.056803249	-0.137800846	-9.9935e-05	-0.144006831	-0.422876408	-0.00033978
32	1001.6325611354914	-75.551934784	75.37723	-70.03766716	75.37323651999999	75.37723	-0.000219641	-9.9837e-05	-0.000219641	-0.000259576	-0.512832769	-0.000219641	-0.295297908	-0.240657113	-0.240657113	-9.9837e-05	-0.005191525	-0.005191525	-0.000579055	-9.9837e-05	-0.133282408	-0.000708843	-0.091430734	-0.026127346	-0.02697596	-0.02697596	-0.026127346	-0.000219641	-0.006699063	-0.00779727	-0.262721092	-0.262721092	-0.611611507	-0.214739425	-0.0945756	-0.290046481	-0.19487186	-0.019428282	-0.449775714	-0.3425907	-0.153429517	-0.008655869	-0.000219641	-0.000688875	-9.9837e-05	-0.013867361	-0.001827017	-0.000449267	-0.012988795	-0.000319478	-0.066115118	-0.075087415	-0.184958045	-0.000219641	0.77279836	-0.220689711	-0.000219641	-0.000219641	-0.2154283	-0.000219641	-0.004332926	-9.9837e-05	-0.000219641	-0.000219641	-0.253266527	-0.056747356	-0.137665253	-9.9837e-05	-0.143865131	-0.422460308	-0.000339446
33	996.0429043586023	-75.552915203	75.37723	-70.007702264	75.373214109	75.37723	-0.000220874	-0.000100397	-0.000220874	-0.000261033	-0.515710717	-0.000220874	-0.29695508	-0.242007647	-0.242007647	-0.000100397	-0.005220659	-0.005220659	-0.000582304	-0.000100397	-0.134030371	-0.000712821	-0.091943831	-0.026273969	-0.027127346	-0.027127346	-0.026273969	-0.000220874	-0.006736658	-0.007841028	-0.264195447	-0.264195447	-0.615043787	-0.215944513	-0.095106345	-0.291674183	-0.195965454	-0.019537311	-0.452299794	-0.344513272	-0.154290542	-0.008704444	-0.000220874	-0.000692741	-0.000100397	-0.013945182	-0.00183727	-0.000451788	-0.013061686	-0.000321271	-0.058376039	-0.075508796	-0.185996004	-0.000220874	0.7771352	-0.221928191	-0.000220874	-0.000220874	-0.216637254	-0.000220874	-0.004357242	-0.000100397	-0.000220874	-0.000220874	-0.254687824	-0.057065815	-0.138437812	-0.000100397	-0.144672483	-0.424831097	-0.000341351
34	991.2168344948338	-75.553770585	75.37723	-69.981558928	75.373194556	75.37723	-0.000221949	-0.000100886	-0.000221949	-0.000262304	-0.518221626	-0.000221949	-0.298400905	-0.243185942	-0.243185942	-0.000100886	-0.005246077	-0.005246077	-0.000585139	-0.000100886	-0.134682943	-0.000716291	-0.09239149	-0.026401892	-0.027259424	-0.027259424	-0.026401892	-0.000221949	-0.006769457	-0.007879204	-0.26548177	-0.26548177	-0.618038333	-0.216995911	-0.095569402	-0.293094296	-0.196919577	-0.019632435	-0.454501966	-0.34619065	-0.155041757	-0.008746825	-0.000221949	-0.000696114	-0.000100886	-0.014013079	-0.001846216	-0.000453987	-0.013125282	-0.000322836	-0.05162396	-0.075876435	-0.186901588	-0.000221949	0.7809189400000001	-0.223008723	-0.000221949	-0.000221949	-0.217692025	-0.000221949	-0.004378457	-0.000100886	-0.000221949	-0.000221949	-0.255927857	-0.057343659	-0.139111842	-0.000100886	-0.145376869	-0.426899529	-0.000343013
35	998.4266574672666	-75.552495753	75.37723	-70.020522063	75.373223697	75.37723	-0.000220347	-0.000100158	-0.000220347	-0.00026041	-0.514479452	-0.000220347	-0.296246097	-0.241429852	-0.241429852	-0.000100158	-0.005208194	-0.005208194	-0.000580914	-0.000100158	-0.133710372	-0.000711119	-0.091724314	-0.026211239	-0.027062579	-0.027062579	-0.026211239	-0.000220347	-0.006720574	-0.007822307	-0.263564678	-0.263564678	-0.613575364	-0.215428944	-0.094879278	-0.290977808	-0.195497585	-0.019490665	-0.451219923	-0.343690743	-0.153922172	-0.008683662	-0.000220347	-0.000691087	-0.000100158	-0.013911888	-0.001832884	-0.000450709	-0.013030501	-0.000320504	-0.061687027	-0.075328518	-0.185551937	-0.000220347	0.775279781	-0.221398335	-0.000220347	-0.000220347	-0.216120031	-0.000220347	-0.004346839	-0.000100158	-0.000220347	-0.000220347	-0.254079754	-0.05692957	-0.13810729	-0.000100158	-0.144327076	-0.423816809	-0.000340536
36	1000.6531675474274	-75.552105777	75.37723	-70.03244104	75.37323261099999	75.37723	-0.000219856	-9.9935e-05	-0.000219856	-0.00025983	-0.513334706	-0.000219856	-0.295586932	-0.240892657	-0.240892657	-9.9935e-05	-0.005196606	-0.005196606	-0.000579621	-9.9935e-05	-0.133412859	-0.000709537	-0.091520222	-0.026152918	-0.027002363	-0.027002363	-0.026152918	-0.000219856	-0.00670562	-0.007804902	-0.262978231	-0.262978231	-0.612210124	-0.214949602	-0.094668166	-0.290330366	-0.195062591	-0.019447298	-0.450215934	-0.342926012	-0.153579687	-0.008664341	-0.000219856	-0.00068955	-9.9935e-05	-0.013880933	-0.001828805	-0.000449706	-0.013001508	-0.000319791	-0.06476536	-0.075160907	-0.185139073	-0.000219856	0.77355474	-0.220905712	-0.000219856	-0.000219856	-0.215639152	-0.000219856	-0.004337167	-9.9935e-05	-0.000219856	-0.000219856	-0.253514413	-0.056802898	-0.137799994	-9.9935e-05	-0.14400594	-0.422873793	-0.000339778
37	1005.3950402777291	-75.551280988	75.37723	-70.057649353	75.37325146399999	75.37723	-0.000218819	-9.9463e-05	-0.000218819	-0.000258605	-0.510913601	-0.000218819	-0.294192818	-0.239756504	-0.239756504	-9.9463e-05	-0.005172096	-0.005172096	-0.000576888	-9.9463e-05	-0.132783627	-0.00070619	-0.091088573	-0.026029569	-0.026875008	-0.026875008	-0.026029569	-0.000218819	-0.006673994	-0.007768091	-0.261737913	-0.261737913	-0.60932268	-0.213935808	-0.09422167	-0.288961044	-0.194142593	-0.019355576	-0.448092523	-0.341308626	-0.152855339	-0.008623476	-0.000218819	-0.000686297	-9.9463e-05	-0.013815465	-0.00182018	-0.000447585	-0.012940187	-0.000318283	-0.071275948	-0.074806416	-0.184265878	-0.000218819	0.769906323	-0.219863826	-0.000218819	-0.000218819	-0.214622105	-0.000218819	-0.004316711	-9.9463e-05	-0.000218819	-0.000218819	-0.25231873	-0.056534991	-0.13715007	-9.9463e-05	-0.143326746	-0.420879339	-0.000338176
38	1005.2718030373468	-75.551302325	75.37723	-70.05699722	75.373250977	75.37723	-0.000218846	-9.9476e-05	-0.000218846	-0.000258637	-0.510976234	-0.000218846	-0.294228883	-0.239785896	-0.239785896	-9.9476e-05	-0.00517273	-0.00517273	-0.000576958	-9.9476e-05	-0.132799905	-0.000706277	-0.09109974	-0.02603276	-0.026878303	-0.026878303	-0.02603276	-0.000218846	-0.006674812	-0.007769043	-0.26177	-0.26177	-0.609397377	-0.213962034	-0.094233221	-0.288996468	-0.194166393	-0.019357949	-0.448147455	-0.341350468	-0.152874078	-0.008624533	-0.000218846	-0.000686382	-9.9476e-05	-0.013817159	-0.001820403	-0.00044764	-0.012941774	-0.000318322	-0.071107521	-0.074815587	-0.184288467	-0.000218846	0.7700007070000001	-0.219890779	-0.000218846	-0.000218846	-0.214648416	-0.000218846	-0.00431724	-9.9476e-05	-0.000218846	-0.000218846	-0.252349662	-0.056541922	-0.137166883	-9.9476e-05	-0.143344317	-0.420930935	-0.000338217
39	998.2526262905948	-75.552526308	75.37723	-70.019588198	75.373222998	75.37723	-0.000220385	-0.000100175	-0.000220385	-0.000260455	-0.514569145	-0.000220385	-0.296297743	-0.241471942	-0.241471942	-0.000100175	-0.005209102	-0.005209102	-0.000581015	-0.000100175	-0.133733683	-0.000711243	-0.091740305	-0.026215809	-0.027067297	-0.027067297	-0.026215809	-0.000220385	-0.006721745	-0.007823671	-0.263610626	-0.263610626	-0.613682332	-0.2154665	-0.094895818	-0.291028536	-0.195531667	-0.019494063	-0.451298587	-0.343750661	-0.153949006	-0.008685176	-0.000220385	-0.000691208	-0.000100175	-0.013914314	-0.001833203	-0.000450788	-0.013032773	-0.00032056	-0.061445836	-0.07534165	-0.185584285	-0.000220385	0.7754149400000001	-0.221436933	-0.000220385	-0.000220385	-0.216157708	-0.000220385	-0.004347597	-0.000100175	-0.000220385	-0.000220385	-0.25412405	-0.056939495	-0.138131367	-0.000100175	-0.144352237	-0.423890695	-0.000340595
40	998.6280408029181	-75.55246040899999	75.37723	-70.021602299	75.373224505	75.37723	-0.000220302	-0.000100137	-0.000220302	-0.000260357	-0.514375702	-0.000220302	-0.296186356	-0.241381165	-0.241381165	-0.000100137	-0.005207144	-0.005207144	-0.000580797	-0.000100137	-0.133683408	-0.000710975	-0.091705817	-0.026205953	-0.027057121	-0.027057121	-0.026205953	-0.000220302	-0.006719218	-0.00782073	-0.263511527	-0.263511527	-0.613451631	-0.2153855	-0.094860144	-0.290919129	-0.195458161	-0.019486735	-0.45112893	-0.343621435	-0.153891132	-0.008681911	-0.000220302	-0.000690948	-0.000100137	-0.013909083	-0.001832514	-0.000450618	-0.013027874	-0.00032044	-0.061966021	-0.075313327	-0.185514518	-0.000220302	0.775123436	-0.221353688	-0.000220302	-0.000220302	-0.216076448	-0.000220302	-0.004345962	-0.000100137	-0.000220302	-0.000220302	-0.254028517	-0.056918089	-0.138079439	-0.000100137	-0.144297971	-0.423731342	-0.000340467
41	995.3330542093439	-75.553040498	75.37723	-70.003872835	75.373211245	75.37723	-0.000221032	-0.000100469	-0.000221032	-0.000261219	-0.51607851	-0.000221032	-0.297166862	-0.242180242	-0.242180242	-0.000100469	-0.005224382	-0.005224382	-0.00058272	-0.000100469	-0.134125959	-0.000713329	-0.092009403	-0.026292707	-0.027146692	-0.027146692	-0.026292707	-0.000221032	-0.006741462	-0.00784662	-0.264383865	-0.264383865	-0.615482423	-0.21609852	-0.095174173	-0.291882198	-0.196105212	-0.019551245	-0.452622364	-0.344758971	-0.154400579	-0.008710652	-0.000221032	-0.000693235	-0.000100469	-0.013955128	-0.001838581	-0.00045211	-0.013071002	-0.0003215	-0.057387006	-0.075562647	-0.186128652	-0.000221032	0.777689435	-0.222086465	-0.000221032	-0.000221032	-0.216791755	-0.000221032	-0.00436035	-0.000100469	-0.000221032	-0.000221032	-0.254869462	-0.057106513	-0.138536543	-0.000100469	-0.14477566	-0.425134078	-0.000341594
42	993.6928910585372	-75.553330686	75.37723	-69.995003714	75.37320461099999	75.37723	-0.000221396	-0.000100635	-0.000221396	-0.00026165	-0.516930336	-0.000221396	-0.297657357	-0.242579978	-0.242579978	-0.000100635	-0.005233005	-0.005233005	-0.000583681	-0.000100635	-0.134347343	-0.000714506	-0.092161271	-0.026336105	-0.0271915	-0.0271915	-0.026336105	-0.000221396	-0.006752589	-0.007859571	-0.26482025	-0.26482025	-0.616498322	-0.216455207	-0.095331265	-0.292363971	-0.196428898	-0.019583515	-0.453369451	-0.345328021	-0.154655429	-0.00872503	-0.000221396	-0.00069438	-0.000100635	-0.013978162	-0.001841615	-0.000452856	-0.013092576	-0.000322031	-0.055096364	-0.075687368	-0.186435871	-0.000221396	0.7789730690000001	-0.222453036	-0.000221396	-0.000221396	-0.217149586	-0.000221396	-0.004367547	-0.000100635	-0.000221396	-0.000221396	-0.255290143	-0.057200771	-0.138765207	-0.000100635	-0.145014623	-0.425835793	-0.000342158
43	992.4289753916888	-75.553554961	75.37723	-69.988149136	75.373199485	75.37723	-0.000221678	-0.000100763	-0.000221678	-0.000261983	-0.517588677	-0.000221678	-0.298036441	-0.242888918	-0.242888918	-0.000100763	-0.00523967	-0.00523967	-0.000584425	-0.000100763	-0.134518442	-0.000715416	-0.092278644	-0.026369645	-0.02722613	-0.02722613	-0.026369645	-0.000221678	-0.006761189	-0.007869581	-0.265157514	-0.265157514	-0.617283468	-0.216730875	-0.095452675	-0.292736314	-0.196679062	-0.019608456	-0.453946843	-0.345767817	-0.154852391	-0.008736142	-0.000221678	-0.000695264	-0.000100763	-0.013995964	-0.001843961	-0.000453433	-0.01310925	-0.000322441	-0.053326023	-0.075783761	-0.186673308	-0.000221678	0.779965136	-0.222736342	-0.000221678	-0.000221678	-0.217426139	-0.000221678	-0.004373109	-0.000100763	-0.000221678	-0.000221678	-0.255615269	-0.05727362	-0.138941933	-0.000100763	-0.145199308	-0.426378119	-0.000342594
44	1008.5762621106539	-75.550732001	75.37723	-70.07442822	75.373264013	75.37723	-0.000218129	-9.915e-05	-0.000218129	-0.000257789	-0.509302092	-0.000218129	-0.293264883	-0.239000271	-0.239000271	-9.915e-05	-0.005155783	-0.005155783	-0.000575068	-9.915e-05	-0.132364805	-0.000703963	-0.090801265	-0.025947468	-0.02679024	-0.02679024	-0.025947468	-0.000218129	-0.006652943	-0.007743589	-0.260912347	-0.260912347	-0.607400772	-0.213261018	-0.093924479	-0.288049611	-0.193530234	-0.019294525	-0.446679162	-0.34023208	-0.152373207	-0.008596276	-0.000218129	-0.000684133	-9.915e-05	-0.013771889	-0.001814439	-0.000446173	-0.012899372	-0.000317279	-0.075609451	-0.074570464	-0.183684672	-0.000218129	0.767477909	-0.219170338	-0.000218129	-0.000218129	-0.21394515	-0.000218129	-0.004303096	-9.915e-05	-0.000218129	-0.000218129	-0.251522874	-0.05635667	-0.136717475	-9.915e-05	-0.142874669	-0.419551814	-0.000337109
45	997.7125119593163	-75.552621205	75.37723	-70.016687823	75.37322082899999	75.37723	-0.000220504	-0.000100229	-0.000220504	-0.000260596	-0.514847708	-0.000220504	-0.296458144	-0.241602663	-0.241602663	-0.000100229	-0.005211922	-0.005211922	-0.00058133	-0.000100229	-0.13380608	-0.000711628	-0.091789968	-0.026230001	-0.02708195	-0.02708195	-0.026230001	-0.000220504	-0.006725384	-0.007827906	-0.263753333	-0.263753333	-0.614014551	-0.215583144	-0.094947191	-0.291186085	-0.195637518	-0.019504617	-0.451542899	-0.343936751	-0.154032347	-0.008689878	-0.000220504	-0.000691582	-0.000100229	-0.013921846	-0.001834196	-0.000451032	-0.013039828	-0.000320734	-0.060696753	-0.075382436	-0.185684752	-0.000220504	0.7758347139999999	-0.221556809	-0.000220504	-0.000220504	-0.216274726	-0.000220504	-0.00434995	-0.000100229	-0.000220504	-0.000220504	-0.25426162	-0.056970319	-0.138206145	-0.000100229	-0.144430383	-0.42412017	-0.00034078
46	998.0285562979032	-75.552565664	75.37723	-70.018385342	75.373222099	75.37723	-0.000220435	-0.000100198	-0.000220435	-0.000260514	-0.514684672	-0.000220435	-0.296364265	-0.241526155	-0.241526155	-0.000100198	-0.005210272	-0.005210272	-0.000581146	-0.000100198	-0.133763708	-0.000711402	-0.091760901	-0.026221695	-0.027073374	-0.027073374	-0.026221695	-0.000220435	-0.006723255	-0.007825427	-0.26366981	-0.26366981	-0.613820112	-0.215514875	-0.094917124	-0.291093875	-0.195575566	-0.01949844	-0.45139991	-0.343827837	-0.15398357	-0.008687126	-0.000220435	-0.000691363	-0.000100198	-0.013917437	-0.001833615	-0.000450889	-0.013035699	-0.000320632	-0.061135172	-0.075358565	-0.185625951	-0.000220435	0.775589031	-0.221486648	-0.000220435	-0.000220435	-0.216206238	-0.000220435	-0.004348573	-0.000100198	-0.000220435	-0.000220435	-0.254181104	-0.056952278	-0.138162379	-0.000100198	-0.144384646	-0.423985864	-0.000340672
47	994.431244145857	-75.55319993399999	75.37723	-69.998999949	75.3732076	75.37723	-0.000221232	-0.00010056	-0.000221232	-0.000261456	-0.516546521	-0.000221232	-0.29743635	-0.242399866	-0.242399866	-0.00010056	-0.00522912	-0.00522912	-0.000583248	-0.00010056	-0.134247592	-0.000713976	-0.092092843	-0.02631655	-0.02717131	-0.02717131	-0.02631655	-0.000221232	-0.006747576	-0.007853736	-0.264623624	-0.264623624	-0.61604058	-0.216294491	-0.095260482	-0.292146895	-0.196283052	-0.019568975	-0.453032829	-0.34507162	-0.154540599	-0.008718551	-0.000221232	-0.000693864	-0.00010056	-0.013967783	-0.001840248	-0.00045252	-0.013082855	-0.000321792	-0.056128479	-0.075631172	-0.186297445	-0.000221232	0.7783946880000001	-0.222287867	-0.000221232	-0.000221232	-0.216988355	-0.000221232	-0.004364304	-0.00010056	-0.000221232	-0.000221232	-0.255100593	-0.057158301	-0.138662176	-0.00010056	-0.144906951	-0.425519615	-0.000341904
48	1003.3957497299685	-75.551627789	75.37723	-70.047049957	75.373243537	75.37723	-0.000219255	-9.9662e-05	-0.000219255	-0.00025912	-0.511931608	-0.000219255	-0.294779004	-0.240234225	-0.240234225	-9.9662e-05	-0.005182402	-0.005182402	-0.000578037	-9.9662e-05	-0.133048202	-0.000707597	-0.09127007	-0.026081434	-0.026928557	-0.026928557	-0.026081434	-0.000219255	-0.006687292	-0.007783569	-0.262259433	-0.262259433	-0.61053677	-0.21436208	-0.094409409	-0.289536805	-0.194529427	-0.019394142	-0.448985358	-0.341988692	-0.153159907	-0.008640658	-0.000219255	-0.000687665	-9.9662e-05	-0.013842993	-0.001823807	-0.000448477	-0.012965971	-0.000318917	-0.068538427	-0.07495547	-0.184633032	-0.000219255	0.771440381	-0.22030191	-0.000219255	-0.000219255	-0.215049745	-0.000219255	-0.004325312	-9.9662e-05	-0.000219255	-0.000219255	-0.252821482	-0.056647639	-0.137423345	-9.9662e-05	-0.143612328	-0.421717951	-0.000338849
49	992.8368354178735	-75.553482526	75.37723	-69.990362984	75.373201141	75.37723	-0.000221587	-0.000100721	-0.000221587	-0.000261876	-0.51737605	-0.000221587	-0.297914007	-0.242789139	-0.242789139	-0.000100721	-0.005237517	-0.005237517	-0.000584185	-0.000100721	-0.134463182	-0.000715123	-0.092240736	-0.026358813	-0.027214945	-0.027214945	-0.026358813	-0.000221587	-0.006758412	-0.007866348	-0.265048587	-0.265048587	-0.617029887	-0.216641841	-0.095413462	-0.292616057	-0.196598266	-0.019600401	-0.45376036	-0.345625774	-0.154788777	-0.008732553	-0.000221587	-0.000694978	-0.000100721	-0.013990214	-0.001843203	-0.000453247	-0.013103865	-0.000322309	-0.053897797	-0.075752629	-0.186596622	-0.000221587	0.779644724	-0.222644842	-0.000221587	-0.000221587	-0.217336819	-0.000221587	-0.004371312	-0.000100721	-0.000221587	-0.000221587	-0.255510262	-0.057250092	-0.138884855	-0.000100721	-0.145139659	-0.426202962	-0.000342453
50	999.0234941420224	-75.552391046	75.37723	-70.023722267	75.37322609	75.37723	-0.000220215	-0.000100098	-0.000220215	-0.000260254	-0.514172092	-0.000220215	-0.296069113	-0.241285617	-0.241285617	-0.000100098	-0.005205083	-0.005205083	-0.000580567	-0.000100098	-0.133630491	-0.000710694	-0.091669516	-0.02619558	-0.027046411	-0.027046411	-0.02619558	-0.000220215	-0.006716559	-0.007817634	-0.263407219	-0.263407219	-0.613208802	-0.215300242	-0.094822595	-0.290803972	-0.19538079	-0.019479021	-0.450950356	-0.343485416	-0.153830216	-0.008678475	-0.000220215	-0.000690674	-0.000100098	-0.013903577	-0.001831789	-0.00045044	-0.013022717	-0.000320313	-0.062513549	-0.075283515	-0.185441084	-0.000220215	0.774816613	-0.221266068	-0.000220215	-0.000220215	-0.215990916	-0.000220215	-0.004344242	-0.000100098	-0.000220215	-0.000220215	-0.253927962	-0.056895559	-0.138024782	-0.000100098	-0.144240852	-0.423563612	-0.000340332
